反応集男, 　デジタル庁の統計によれば、1月5日時点で新型コロナワクチン（1回目）を接種したのは全人口の約77.8%にあたる約9800万人。逆に言えば、3000万人弱がワクチン未接種者ということになる。そんな中で注目されているのが「未接種者」「非接種者」を対象にした婚活サービスだ。ITライターが解説する。   「昨年のはじめ頃から、プロフィール欄にワクチンの接種状況を加える婚活サイトやマッチングサービスが増え始めました。ワクチン接種済の人しか参加できない婚活イベントがありましたが、ワクチン接種に抵抗がある人が多くいるのも事実。接種済みの人は正直、そこまでワクチン接種についてはこだわっていないのが大半。しかし、未接種の人は『パートナーは絶対に未接種でなければイヤ…』と抵抗が強い人が多い。そこで最近では未接種者同士をつなげるサービスが徐々に盛り上がってきているのです」   　サイトを検索すると「未接種者限定」を謳う婚活サイトがいくつも見られる。実際に婚活イベントに参加したという20代の女性に話を聞くことができた。ワクチンを接種しなかった理由については「将来子供が産めなくなる」「5年以内に死亡する」といった反ワクチン派としての主張を述べ、参加理由をこう語った。  　  「周囲の友人はほとんどワクチンを打ってしまいました。正直、信じられないという気持ちでした。せめて結婚する相手は未接種であってほしい。そんな思いで婚活イベントに参加したのですが、会場はもちろんノーマスク。どこのテーブルも“反ワク”の話で大盛り上がりでした。男女比で言うと、女性の方が多かったですね。男性陣の中には医師の方もいて、『将来、ワクチン接種者は献血もできなくなる』とおっしゃっていました」   　この未接種者限定のイベントには男女50名あまりが参加していたという。気になるのは参加条件だが…。  　  「未接種者の婚活イベントが盛り上がっているという噂を聞きつけて、ニセ未接種者も増えているそう。だけど私が参加したイベントでは、入り口でワクチンの接種クーポン券の提示が義務付けられています。ワクチン未接種なら、接種券のところにあるシールは台紙に貼られたままですから。ある男性参加者は、ワクチン接種券が届くなり破り捨ててしまったそうで、婚活イベントに参加するために、慌てて自治体に再発行してもらったんだとか」（前出・参加女性）   　コロナパンデミックが起きてから3年ぶりに行動制限のない年末年始を迎えたが、これからは婚活市場の“二極化”が進みそうだ。   https://asagei.biz/excerpt/53656?all=1 
反応集女, そっか 
反応集男（渋め）, >>1  こういうの出てくると思ってた 
反応集男（高め）, こわ 
反応集男（遅め）, どんなモンスターが集まるのか見てみたい 
反応集男, 子供が可哀想やな・・ 
反応集女, まあ子供に変なもん遺伝するし反ワクは同じ反ワク思想の相手と家庭を築いた方が揉める要素もなく幸せでしょう 
反応集男（渋め）, ガイジのコンパかな？ 
反応集男（高め）, やっばw 
反応集男（遅め）, 年収低そう 
反応集男, 2023/01/13　100万人あたりのコロナ感染率 https://pbs.twimg.com/media/Fma0tlTaUAIAfrQ.jpg  2023/01/13　100万人あたりのコロナ死亡率が過去最悪を連日で更新 https://pbs.twimg.com/media/Fma02jLaMAITN6Q.jpg 
反応集女, 思想強めの人ばっか来そうだな 
反応集男（渋め）, 宗教みたいな活動もセットやね 
反応集男（高め）, ワクチン接種者とセックスしたら感染リスクがあるし  妊娠しても流産死産の可能性や後遺症もって生まれるリスクも上がるしな   イギリスBBCですらワクチン問題取り上げ始めたから  日本のメディアも変わらざるを得なくなりそう 
反応集男（遅め）, アツい反ワクトークからの  夜のお注射 
反応集男, 未接種だけどマスクは徹底してつけてるよ  ただの煽り記事 
反応集女, こういうアホがクラスター起こしてんのとちゃうか？ 
反応集男（渋め）, 思想が合う者同士でいいじゃないw 
反応集男（高め）, >>6  むしろ血液汚染されてない健康な子供が生まれるだろ 
反応集男（遅め）, 東京五輪から急速にコロナが悪化 https://mao.5ch.net/test/read.cgi/olympic/1671623425/2  聖書を無料で読めるサイト　https://www.biblegateway.com/passage/?search=%E5%89%B5%E4%B8%96%E8%A8%98+567&version=JLB  68 
反応集男, 怖あ  マルチとかの草刈り場になりそう… 
反応集女, 変な人らの集会け？ 
反応集男（渋め）, >>1  ※ 
反応集男（高め）, そりゃ免疫崩壊のワク信はいつ倒れてもおかしくないから避けられるわ 
反応集男（遅め）, 同レベルの奴同士くっつく分には何より  くっついてから思想の違いが出たらストレスでしかないからな 
反応集男, 未接種は純血だから   汚れてないんだよ 
反応集女, 陰謀論とか好きそうだから話合うんじゃない？ 
反応集男（渋め）, ワクチン打つと血が汚れるからな😊 
反応集男（高め）, ヤバイやつが集まってるんだな 
反応集男（遅め）, 確か逆のあったよな 
反応集男, テスラ缶四方に置いてありそう 
反応集女, 結婚相談所にいくら払ってるんだろうな  年収1000万のイケメン希望のｗ 
反応集男（渋め）, 世界で最も権威ある医学誌NEJM掲載  FDA顧問オフィット博士「若い人、健康な人は2価ワクチン接種すべきではない」  https://www.theepochtimes.com/fda-adviser-says-young-and-healthy-people-shouldnt-get-latest-covid-boosters_4980656.html 
反応集男（高め）, まぁ考え方が近そうだから   ある意味マッチング率高そうだから   理にかなってるかもなw 
反応集男（遅め）, ﾑｷｨｰｯ👹  スパタン撒き散らしに行ってやる 
反応集男, 日本では未接種だけが純日本人の証 
反応集女, 反ワク同士で勝手にやってろ   俺たちにはかっぱ寿司の割引がある！ 
反応集男（渋め）, ワク信かわいそうｗｗｗｗｗｗ 
反応集男（高め）, そこで価値観が合うなら案外大概のことでもやっていけそうでいいんじゃない  家庭外とのすり合わせがどうなるかは知らんけど 
反応集男（遅め）, 真の勝ち組 
反応集男, これは洗い出すのに便利 
反応集女, 子供の各種ワクチンも受けさせん毒親が大量発生か 
反応集男（渋め）, 去年5chで流行ったネタまとめただけだろこれw  未使用の接種券がパスポートになるって多分最初に書いたの俺だしw 
反応集男（高め）, バカは同レベルがお似合い 
反応集男（遅め）, 未接種者限定って、やってることが中国と同じやんけwww 
反応集男, 本当に未接種ならいいのだが… 
反応集女, ワク信の血は輸血に使わない病院出来ないかな 
反応集男（渋め）, 反ワク同志でくっ付くなら好きにしたらいいけど自然派ママやビーガンが混ざるとカオスだよ  遠くから眺めるには面白いだろうけど 
反応集男（高め）, まぁ未接種者は  変人や陰謀論者扱いされたり毒ちん打たないと  割引が効かないとか不当な差別受けてるからな。   情報弱者の接種者が  ワクチン　ワクチン  叫んでるモノは危険な遺伝子医療の治験なのにそれを何回も死んでも自己責任で希望書にサインしないとサービスが受けられないとか狂ってんだよな。   で遺伝子医療で体の免疫壊されて＋スパイクタンパク製造機に改造されて　旅行行って感染広げてるのは誰だ?て話  狂ってるよ国が 
反応集男（遅め）, 売血でウハウハ 
反応集男, 証拠ないんじゃないの  自称未接種とか混ざってそう 
反応集女, ワクチンでぶっ倒れた死に損ないを介護しなきゃならないかもしれないからね 
反応集男（渋め）, >>1アホだな。ワク信なら5回、6回～打ってある日突然「ゥッ！」となるから保険金かけとけばよし。もちろん自分は打たない 
反応集男（高め）, >>33  カルト宗教のサイト出すなよw 
反応集男（遅め）, ワクチン接種者ってミュータントみたいなもんだろ？😊  自然界にない化学物質取り込んでるんだからw 
反応集男, 弱者ビジネスかぁ  まるで宗教関係の集会ような催し物だなぁ 
反応集女, 反ワクカップルのガキとか  極左のテロリストにでも成長しそう  (´・ω・`) 
反応集男（渋め）, 　  老害の二階が死んでいない   緊急事態宣言中に会食した二階が死んでいない   これでパンデミックが茶番だと   状況証拠で分かるね？w   騙されて毒ワク打ったコロナ脳みなさん   御愁傷様でした   さようならが　あたたかい　さがみ典礼  　  　 
反応集男（高め）, >>42  子供に治験かわいそうだ 
反応集男（遅め）, 未接種って証明するものある？ 
反応集男, >>19  いやぁ。  新生児から全てのワクチン拒否って。   ミルク飲ませてもらえないビーガン原理主義の新生児より河合荘。 
反応集女, 心理学者のスタンレー・ミルグラムは、80%の人は権威の命令に逆らう心理的・道徳的資源を持っていないことを発見しました。決定的な能力があるのは、わずか20％の人なのです。  たとえ80％の人々が攻撃してきても、真実を理解できる20％の人々は、社会を良くするために行動しなければならない。   https://i.imgur.com/3U5uBRA.jpg   【20%は誇り持てよ】  https://i.imgur.com/FNMozLU.jpg 
反応集男（渋め）, 会場でテスラ缶売ったら儲かりそう 
反応集男（高め）, この中にワクチン接種者が混じると魔女狩りみたいな目に合うだろうな 
反応集男（遅め）, 婚活パーティー複数いったけど  女子が天秤にかけすぎててデートはしたが終わるのが早すぎた 
反応集男, >>51  自身が接種していて未接種のパーティに入り込むメリットって何？ 
反応集女, ここに感染者が紛れ込めば、面白いだろうなw 
反応集男（渋め）, 未接種者の血液はゴールドより価値が高い 
反応集男（高め）, いいね  ワクチン打った女とか絶対無理だわ 
反応集男（遅め）, ワクチン打つと遺伝子に異常を持った子どもが生まれやすくなるからだろうね 
反応集男, >>51  接種者が、未接種者の集まりに行くとは思えないけどな… 
反応集女, 第一印象気持ち悪いうぇうぇｗｗｗｗｗ 
反応集男（渋め）, 統失だけ集めて婚活とか地獄絵図だな 
反応集男（高め）, インテリジェンス能力が高い者同士で結婚したいってことか 
反応集男（遅め）, 予想されてたことが始まってて草   献血も拒否されるようになるのも時間の問題 
反応集男, >>6  陰謀論のエリート教育だろうな  もちろん全てのワクチンは打たせません 
反応集女, >>67  リトルチャイニーズクラスター爆誕やなw 
反応集男（渋め）, 汚れた血の女性とセックスはしたくない 
反応集男（高め）, もはやカルトw 
反応集男（遅め）, 正直、もうヒトじゃないと思ってる  そういう目で見てる 
反応集男, どちらかというと反ワクよりやけど  これは気持ち悪い 
反応集女, オワ婚 
反応集男（渋め）, >>74  インテリジェンスに関わりなく、  病魔は襲って来るんだが。 
反応集男（高め）, これはいいな  似た者同士でつがいになってくれれば社会的に助かる 
反応集男（遅め）, 俺も未接種だけど流石に限定婚パは気持ち悪い 
反応集男, 価値観の近い人と出会えるという意味ではいいかもしれないね… 
反応集女, アルミホイルがドレスコード？ 
反応集男（渋め）, とことん喰いもんにされる反ワクw  でも結婚できそうじゃないか 
反応集男（高め）, 産まれてくる子供がかわいそう 
反応集男（遅め）, この集まりを見学してみたいｗ  会話を聞いてるだけで世界の真相に近付けるに違いない 
反応集男, 打たないとのは自由だと思うが、これはフェミニストとかと同じヤバい匂いを感じる。 
反応集女, >>1  類友で結構じゃないww 
反応集男（渋め）, 未接種を証明する方法ってあるのかな 
反応集男（高め）, >>57  乳児に義務づけられてるワクチンも打たないから長くは生きられない 
反応集男（遅め）, >>51  マイナンバーの接種履歴提示必須だろ常識的に 
反応集男, まぁ不妊とか奇形の可能性は避けるよな  毒ワクで不正出血とか頻発してたしダメージ受けてるのは間違いないだろうし 
反応集女, ワクチン接種しちゃったら童貞なんだおれ(´；ω；`) 
反応集男（渋め）, >>74  IQ90以上は間違いないからね  90あればこんなもん絶対打たない 
反応集男（高め）, これ蓋開けてみたら接種者が結構混じってましたみたいな話だろ 
反応集男（遅め）, 接種者が隠して参加してバレたらスパイのようにつるし上げられそう 
反応集男, れいわ新選組信者が傷の舐め合いwwww 
反応集女, 5ちゃんねるのスレの想像じゃなかったんだな   まぁ、秘密裏に婚カツしてくだされ  自前の免疫で乗り越えられるなら、それに越したことはない 
反応集男（渋め）, そんなにいるんか反ワク  コロナかかんなきゃこんな毒みたいなもん身体に入れたくないわな 
反応集男（高め）, >>62  逃げ回っといてよかったわ 
反応集男（遅め）, >>90  やりすぎ都市伝説で取材してくれないかな 
反応集男, ワクチン接種者お断り 
反応集女, キチガイ隔離にはいいんじゃね 
反応集男（渋め）, >>1  社会不適合者は同類でないと付き合えないからな 
反応集男（高め）, ワク信って突然下半身不随になったりするからワク信と結婚すると介護要員にされる 
反応集男（遅め）, >>1  これでワク信滅亡www 
反応集男, >>88  ワクチンメーカーや医者に喰いもんにされてんのは君らの方なんやで 
反応集女, >>1  >>2  両親が反ワクバカウヨとかどんな悲劇だよw 
反応集男（渋め）, >>99  血液検査したらバレるだろ 
反応集男（高め）, 毒チンなどの混ざり物が無い純血同士の純愛はすばらしい 
反応集男（遅め）, >>66  接種後に考えが変わった、とかもあるんじゃない 
反応集男, 産婦人科によっては、妊婦にワクチン打たせないところも結構あるよな 
反応集女, >>74  みんなIQ130以上はあるよ  成田がバカにみえるくらい賢い 
反応集男（渋め）, >>91  じゃあ逆は？  接種者のみとか色々結構あるけどなｗ  あれこそ馬鹿の集まりだけどさ 
反応集男（高め）, 未接種パスポートは必要 
反応集男（遅め）, ワク信排除いいね👍 
反応集男, どこの海外だよと思ったら日本の話だったでござる 
反応集女, 接種者の集まりに未接種者が入り込むことはありそうだけど、その反対はないだろ… 
反応集男（渋め）, >>89  山上みたいな事になるな 
反応集男（高め）, わろたw  流石の俺もこれは予想外だったわw 
反応集男（遅め）, そのうち国境に壁作りそうな勢いやな 
反応集男, ダボス会議の連中も未接種者パイロット募集w 
反応集女, 良い事ではないか。 
反応集男（渋め）, >>89  結局は内ゲバで別れるから大丈夫 
反応集男（高め）, まあ卵巣で逆転写してるような女はお断りだわな 
反応集男（遅め）, 当然こうなるわな  汚れた遺伝子なんか誰が欲しがるんだよ 
反応集男, >>1  接種済みの人は正直、そこまでワクチン接種についてはこだわっていないのが大半   未接種だけど相手がどうとか気にしないわ  どっちが正解なんて誰もわからんやん 
反応集女, おーいいねこれ  俺も参加出来るな  参加料１万払ってもいいかな 
反応集男（渋め）, アーミッシュみたいに馬車でデートするの？ 
反応集男（高め）, 勝ち組になってイキりたかったからワク信になった挙げ句、完全敗北し負け組確定で、反ワクにイキりブーメラン返され、踏んだり蹴ったりのワク信。何やっても負け組ワク信涙目で…草 
反応集男（遅め）, オレもノーワクチンだけどさすがにこれは引く 
反応集男, これ前から言われてたけどな  ワク打ったら結婚対象から外れるて 
反応集女, 5回打ってるけど隠してこのイベントに行きたい！  羨ましい！ 
反応集男（渋め）, 一億の超えてた接種者が９８００万に、もう２００万も死んだのか。効いてるよな、ワクチン。 
反応集男（高め）, >>115  反ワクの言い分聞いてると、なんか純血主義臭いから吊るされそう 
反応集男（遅め）, よっしゃ、ワクチン一回も売ってないわい、行こうかな 
反応集男, >>123  最高の親孝行だろうw 
反応集女, >>113  パーティ前に採血？そこまでやるか 
反応集男（渋め）, >>101  そう言うことがw 
反応集男（高め）, 頭がQになりそう😰 
反応集男（遅め）, 枠信も、１から５回接種者ごとにやればええやん。６回目開始したら６回目通しとかさｗｗｗ 
反応集男, よーし！  おじさん参加するぞー！🤤 
反応集女, >>93  接種済みシール貼ってないワクチン接種券  実際ワクチン接種した人って未接種の人オンリーイベントとか見て何か疎外感感じることないよね？  接種した方が多数派なんだし  差別されてるとか区別されて嫌な気分ってのは無いよね？  気になる 
反応集男（渋め）, ワクチン売ってる女と寝るなんてとても考えられないので、こういうサービスまじ助かる 
反応集男（高め）, 新婚旅行で突然死とかありえるから無理  打った人と友達以上にはなれない 
反応集男（遅め）, 融通がきかない意識高い系の集いキタコレ 
反応集男, とうとうこういう差別というか区別が始まってしまったか 
反応集女, >>122  取材とか調査的な目的でありえる  同類を送り込んでも意味ないからな 
反応集男（渋め）, >>131  もう接種者は抗原原罪確定してるから正解は出てんやで 
反応集男（高め）, >>67  人狼ゲームできるね 
反応集男（遅め）, 未接種の証明をどうやってするのか？ 
反応集男, >>124  汚染されてない俺らの精液が金と同じ値段で取引されるようになるとか本気で言ってた反ワクいたしなあｗｗ 
反応集女, >>142  いや多分付き合う段階で検査やろ 
反応集男（渋め）, まともなサラリーマンはみんな2回は打たされたからな  当たりレベルいるのか？ 
反応集男（高め）, まあ若くしてワクチン打ってるような奴は嫌だろうな 
反応集男（遅め）, 安心しろワク信用もあるぞw  https://i.imgur.com/By2c2xT.jpg 
反応集男, >>1  反ワクはこれが最適解だろ。  その調子で村も作れば良い。 
反応集女, >>123  いきなり二世で草 
反応集男（渋め）, キチガイの集団。  集まったところを まとめて燃やせよ。 
反応集男（高め）, 価値観の近い人同士いいんじゃね  マスク拒否男も結婚してたし 
反応集男（遅め）, 非接種でいられる男は、経営者とか、俺みたいに会社役員とか、頭が良くて高年収で圧力をかけられないやつばかりだからな 
反応集男, 蠱毒 
反応集女, >>10  医師がいるって書いてあるだろ  お前より高収入だと思うよ 
反応集男（渋め）, こういうのに参加する奴のリストって高値で売れそう 
反応集男（高め）, 　  コロニー落としが、毒ワクに変わっただけ   ガンダムの戦争はヤラセで、人口削減の為の戦争だった   リアルでも一緒で、ヤラセ戦争ヤラセパンデミックは、人口削減の為にある   銃弾が針に変わっただけの棄民政策である   https://i.momicha.net/politics/1673622882457.png  https://i.momicha.net/politics/1673622889530.jpg 
反応集男（遅め）, これに参加してる人らの名簿が詐欺業者とかに売られるんだろうな 
反応集男, 50人ってニッチ過ぎるやんけ 
反応集女, >>147  職域で打ってる人は接種券残ってる 
反応集男（渋め）, >>135  3回打ったやんキミ 
反応集男（高め）, コイツら、壺信者と何が違うの？ 
反応集男（遅め）, パートナーが免疫カタワでしたでは冗談では済まないからなw  皆真剣なんだろうw 
反応集男, 差別主義者の集会ですか 
反応集女, >>6  すべてのワクチン打たせずに死なせてしまったらシェディングとやらのせいにするんですね、わかります 
反応集男（渋め）, >>151  壺と同類だろ  別に今に始まったことじゃないよ 
反応集男（高め）, 反ワク=カルト教信者じゃねーかw 
反応集男（遅め）, そらワクチンミュータントと結婚したくないだろ  人間やめたんだしワクチン信者は😗 
反応集男, ところで未接種というのはどうやって確認するのかね  自己申告?   ノーマスクの集会って小林よしのり主催の会合みたいだな 
反応集女, 年末に届いた1.2回目はよ打て接種券大切に保管しております 
反応集男（渋め）, 思った通りの流れになっているなあ  だから子供には絶対打たない方がいいんだ  多分今子供で打ってる接種者は将来相手の両親に反対される   結婚や輸血や未接種者に存在は本当ブランド化して行ってる  汚染されてないキレイな体、あの猛烈な逆風の中でも  絶対に打たないんだって言う揺るぎない強い信念を持ってて  未接種者は簡単に周りに流されない強い意志を持ってる 
反応集男（高め）, 今後、怪しい勧誘とかされたりしない？  簡単に騙せそうとか思われて 
反応集男（遅め）, 会場にゴホゴホ言いながら発熱してる奴いたら笑ってしまうな 
反応集男, え、ワクチン打ってないの？  え、え、え、なんで打たないの？やばいよそれ   っていうのは聞かなくなったな  リアルワク信は完全に沈黙してるしネットしか居場所なさそう 
反応集女, いいなこれ  夫婦で思想が一緒の方が家庭が平和だろうし 
反応集男（渋め）, >>168  あっ。。。 
反応集男（高め）, 同類で固まってくれるのは助かるな 
反応集男（遅め）, スタンレー・ミルグラムの心理実験そのものが現代の倫理観からは外れる危ないものだしなあ 
反応集男, >>61  極端から極端な思考すらお前の方が怖いなw  そして冷静にみてミルクがダメとか言ってるヴィーガンの子供の方が可哀想と思えない頭はヤバい 
反応集女, 低学歴低収入低スペックパーティーですか、笑かす 
反応集男（渋め）, イタリアでも食材にコオロギパウダーがガンガン入れられているらしいわ  これグローバリストの計画で世界統一でやってるよな   ニホントカゲの主食はコオロギ  https://i.imgur.com/X13VBTr.png  今回、接種者がどんどん変温動物化してる  のきなみ32℃とかも増えてて、一部のそれらの人が夏場に40℃とかなってた  トカゲの体温範囲がズバリその範囲なんよね   もう人じゃないかもしれんぞ、打った人のある一定数は 
反応集男（高め）, >>1  1.得たいのしれないmRNAを体内に注入  　↓  2.遺伝子が変異＝汚れた遺伝子  　↓  3.将来、何が起こるか分からない  　健康な子どもが生まれるか分からない    当然、避けられるわなｗ 
反応集男（遅め）, >>122  接種証明のアプリ入れてマイナンバー登録すれば何回接種したか見れるよ 
反応集男, >>134  ?  インフルエンザにかかったら１週間会社に出れないので出世レースに遅れを取るから、  インフルエンザワクチンは毎年受けるようにしてるけど？何か悪いか？ 
反応集女, アサ芸とか東京新聞とか最近はマトモなソースでスレ建てられないのか 
反応集男（渋め）, >>170  逆だろ  こいつら疑り深くて引っかからんと思われると思うよ 
反応集男（高め）, これは、どうなんだろうなぁ。  対岸の火事ではあるんだが‥‥ 
反応集男（遅め）, ところで、毒チンゾンビは何しにここへ？ｗ 
反応集男, 変わり者同士いいんじゃないの、大盛況とかかなり盛ってる記事だとは思うけど。 
反応集女, >>182  そんなの来てないぞ？ 
反応集男（渋め）, >>1  差別 
反応集男（高め）, ある意味、選ばれし者たちｗｗｗ 
反応集男（遅め）, 結婚する時はいいけど子供が生まれてから片方だけ考えが変わるとややこしいな 
反応集男, 将来的に献血と輸血がどうなるかだけは気になるけどな 
反応集女, 先日行われた中国肺炎ワクチンに関するEU議会の公聴会において、  ワクチン製造会社ファイザーの幹部が  「同ワクチンの感染予防効果について実験は行っていない」と明言。  同社を含め、CDCやFDA、米政府高官等が従来主張してきた  「感染予防の為の接種」という前提根拠自体、科学的に確立していなかった事実が明らかとなった。  https://foreignnews.biz/archives/post-150483.html   コロナワクチンには予防効果なんて最初からなかったんだよね 
反応集男（渋め）, 実際、ワクチン接種者は免疫抑制を誘導するPD1タンパク質がバンバン生成されて癌に将来なりやすいてニュースもあるんだから、接種者と結婚して子供作っても癌で死んで凄まじく不幸なシングル家庭になる可能性が高いって思っちゃうと、未接種限定婚活参加する人も出てきちゃうよなあ 
反応集男（高め）, マスクはしてるんだよな？ 
反応集男（遅め）, 似たような考えの人だとお互いに「こいつ・・・政府のスパイか？」とか疑心暗鬼になってて  高度な心理戦に発展するんだろうなｗ 
反応集男, >>203  区別 
反応集女, 未使用接種券は大事に保管してないとな 
反応集男（渋め）, キチガイの集まりか  誰かまとめてやっちゃえばいいのに 
反応集男（高め）, こういうニュースが出て着ること自体が、以前は考えられなかった。  流れが変わったということだな 
反応集男（遅め）, >>60  接種証明のアプリ入れてマイナンバー登録すれば何回接種したか見れるよ 
反応集男, これが人口削減計画の答えでした   コロナウイルスは陽動で、本命は毒ワクで殺処分だったのです   これは逆転の発想でした   ウイルスで殺すなら、殺処分対象である大衆にワクチンを打たれたら困ります   その場合マスメディアは、ワクチンを打て打てとは言わないでしょう   ウイルスで殺すのではなく、ワクチンで殺すのです   だからマスメディアは、ワクチンを打て打てと接種キャンペーンを行ったのです   逆転の発想を使った、ワクチンによる人口削減だったのです   https://i.momicha.net/politics/1672933752599.png  https://i.momicha.net/politics/1672933721068.png 
反応集女, 国や会社のいわれるまま接種して人生を流してる人とは結ばれたくないわ 
反応集男（渋め）, 出生率があれやから勝手にくっついてﾊﾞｺﾊﾞｺ産めや 
反応集男（高め）, >>155  体臭で分かるらしいよ 
反応集男（遅め）, >>158  まともなサラリーマン×  まともな社畜◯ 
反応集男, のちの接種済みおじさん事件である 
反応集女, >>202  住所不定かｗ 
反応集男（渋め）, どうせ中国とかの話題だろ？と思っていたら、違った…((( ；ﾟДﾟ))) 
反応集男（高め）, >>93  接種証明のアプリ入れてマイナンバー登録すれば何回接種したか見れるよ 
反応集男（遅め）, 完全に二極化した  神の様になる人とロボット化する人に別れていく 
反応集男, ワク信優勢時代の差別酷かったからな  未だに残ってるし、そりゃあブーメラン食らうこともあるわな 
反応集女, >>213  死期を悟ったワク信が青葉特攻したりして 
反応集男（渋め）, >>170  既に詐欺に引っ掛かってる奴らよりはマシだろw 
反応集男（高め）, 未接種者は選民意識あるからごめんねw  半径2m以内に近づくなよ？w 
反応集男（遅め）, 結構重要な価値観の共有かもな 
反応集男, >>155  接種証明のアプリ入れてマイナンバー登録すれば何回接種したか見れるよ 
反応集女, 自爆テロ来ないかなw  集団パンデミックで 
反応集男（渋め）, まあ治験中の人なんかと結婚したくないよな  子供にどんな影響が出るか分からんしシェディングとか本当に起こるのか不安だし 
反応集男（高め）, 普通に社会人ならワクチン打ったら死にそうになったって話ばかりきくよな😊   ワクチン打たなかったから死にそうになった話は一回も聞いたことないけど😗 
反応集男（遅め）, >>196  出世レース？  下らんものにしがみついてるんだな？ 
反応集男, >>214  ただのマイノリティの晒し者記事だろw 
反応集女, ３回打ったけどもし黙って参加してもバレないかな？ 
反応集男（渋め）, いくら年収があっても、ワクチン多いほど短命だからな 
反応集男（高め）, 大手メディアBBCニュース速報   「循環器専門医は、心疾患による超過死亡は  mRNAコロナワクチンが原因である可能性が高いとし、  調査をしている間は、ワクチン接種を中断する必要があると警告している」   ついにBBC放送までもが。ワクチンの物語はこれで終わった。  https://twi  tter.com/You3_JP/status/1613861077393248258 
反応集男（遅め）, >>213  やっちゃう？どういうこと？ 
反応集男, >>9  打っちゃったのか(笑)残念でした 
反応集女, カップルでノーマスク入店か 
反応集男（渋め）, 反ワクパーティー  情弱が一杯釣れてうまうま 
反応集男（高め）, なんか男はおたふく風邪にやられているイメエジ 
反応集男（遅め）, >>235  だよな  笑ったw  でもサラリーマンは悲しいな 
反応集男, 会場で参加者の血液検査してみたいなw  躊躇なく検査してくれそう 
反応集女, (バカに)大盛況 
反応集男（渋め）, もし子供が産まれたとしても逆転写でスパイク人間の可能性が高いから普通にお断り 
反応集男（高め）, 数年後どっちが正しかったかはわかるんだから喧嘩するなよ  mRNAがそんなに画期的なワクチンと言えるものならノーベル医学賞取れるわけだから  取れなかったら偽物ってことなんだ 
反応集男（遅め）, ワクチン接種者はマグル扱い 
反応集男, 基地外婚活かよ 
反応集女, 今から10年20年後の日本の結婚は  接種者は接種者と未接種者は未接種者と結婚してるだろう 
反応集男（渋め）, 未接種券とっとかなきゃ 
反応集男（高め）, >>225  反ワクは医者嫌いも多いし、エホバみたいになりそうだな 
反応集男（遅め）, >>222  毒接種案内は初回分しか来てない  3回目が来ないってのは話で聞いてたけど何だその催促は？ 
反応集男, このスレ見てると普通のワクチンとmRNAワクチンを同列に語ってるやつ多すぎないか？  反ワク=反mRNAワクチンってことだろ？  別に今までのワクチンを否定してるわけじゃない  この婚活パーティーは反mRNAワクチン思想の人たちが集まってるってことだろ 
反応集女, これが合同結婚式か 
反応集男（渋め）, …いってくる!  　　 ＿_  　/三人  　 /三/ﾊｿヽ  　/三ﾉ･ω･)>  　/////ｙﾐﾐ  　　し─Ｊ 
反応集男（高め）, 参加資格のないワク信の妬みがゴイゴイスー 
反応集男（遅め）, 著名人が100人以上亡くなってるよね  金融資産もパー 
反応集男, 　  嘘のパンデミック騒ぎに騙されて   打つ必要のない毒ワクを打ちやがって   物事の本質を見極められない愚民   テレビは洗脳装置   権力者の為のプロパガンダ装置   https://i.momicha.net/politics/1673456249499.png  https://i.momicha.net/politics/1673456567324.jpg 
反応集女, 反ワクざまー  どうせろくな女残ってないだろ   898 Classical名無しさん sage 2021/11/21(日) 23:46:01.39 ID:1uIxW8Wd  ワクチン打ったらボインの彼女ゲット  話を聞くと彼氏が反ワクだから別れたそうだ  ラッキー♪ 
反応集男（渋め）, >>174  同じや  狂信者やで  反ワクやって居場所が無くなったから、同じ思想の奴で固まって不安をかいしょうしてるんや(^^) 
反応集男（高め）, デートコースはもう決めたんだ  かっぱ寿司🍣 
反応集男（遅め）, 数年後に自分達は純血種とか言い出しそう 
反応集男, >>230  寧ろこの話一つで対立するようでは、どうせ結婚生活なんて立ち行かないだろうからね  良い棲み分けなんだよ 
反応集女, >>155  感染した事が無いひと限定で  感染した人しかないNタンパクの抗体とワクチン打ったかどっちでも持ってるSタンパクの抗体価両方陰性ならワクチンも打ったことないのが証明出来る  感染した事があれば両方ついちゃうから分かんないけど 
反応集男（渋め）, >>51  接種券って微妙に証拠にならないよなあｗ  失くしたと思って再発行手続きしたらやっぱりあったなんて人がいたりするから 
反応集男（高め）, ワク信DNAの子孫に未来無さそうやし  そうなるわな 
反応集男（遅め）, 思想が同じだから気が合うのかもな 
反応集男, >>232  XBBの感染力パネェ上に未接種は重症化し易いんだろ  春先に絶対起こりそう 
反応集女, いくら出世したって  死んだり身体ボロボロになったら意味ないだろ  ヒラでも健康な方が人生楽しい 
反応集男（渋め）, そうきたか  https://9ch.net/e42Zn 
反応集男（高め）, >>240  一人コロナ罹患者混ぜておく 
反応集男（遅め）, 他人がワクチン接種してるかしてないかなんかどうでもいいけど  すごく刺激される人がいるんだな 
反応集男, 意外と医療系のワーカーが未接種多いぞ 
反応集女, 俺だって参加できるけどね  3回打ったけどバレないわな  反ワク悔しい？ 
反応集男（渋め）, >>225  片方は放置しても勝手に苦しみながら絶滅するから無問題 
反応集男（高め）, >>256  ちょっと知能がアレな人達だから違いなんかわかるわけもないぞ 
反応集男（遅め）, >>51  だから打ったらマイナンバーに記録されるだろ 
反応集男, >>237  バレるよ 
反応集女, mRNA注射が展開された後、ワクチン有害事象報告システム（VAERS）の  流産と死産の報告は4070%増加した。  VAERSシステムは連邦政府がリアルタイムで報告することでワクチン被害を監視する方法  https://twi  tter.com/jack_hikuma/status/1605189251154706432   子供欲しい人はコロナワクチンへの警戒をもっとすべきやね 
反応集男（渋め）, きしょ 
反応集男（高め）, 未接種=反ワクじゃないからな  途中で脱ワク=反ワク 
反応集男（遅め）, はよ死ねワク信 
反応集男, こういうこともあろうかと、1回目の接種券未開封で取っておいて良かったｗ  これが証明になるかな？ｗ   あっ、アベノマスクも未開封で持ってるぜｗｗ 
反応集女, >>265  大体そういう連中は到達されていくのが歴史だけどな 
反応集男（渋め）, 勢いトップか  想定内みんな納得のようだね 
反応集男（高め）, こういうところに産まれる子供可哀想だな 
反応集男（遅め）, >>1  汚れた遺伝子のワク信に効いてるw効いてるw   1.得たいのしれないmRNAを体内に注入  　↓  2.遺伝子が変異＝汚れた遺伝子  　↓  3.将来、何が起こるか分からない  　健康な子どもが生まれるか分からない   ワク信が避けられるのは当然www 
反応集男, >>94  mRNAの拒否だから普通のワクチンは受けるだろ 
反応集女, これは朗報。在日結婚相手紹介所と同類 
反応集男（渋め）, >>277  君らもう武漢用抗体しかできんから全く悔しくない 
反応集男（高め）, >>1  これ差別だね  許されないよ 
反応集男（遅め）, 5ちゃんで頑張って反ワクしてた人らもこれで幸せになれるなおめでとう 
反応集男, コロナワクチンを1回以上接種した人が  １億人以上いるんだが 
反応集女, 反マスクの方はちょっと 
反応集男（渋め）, 互いにディープキスやりまくる感じかな？ 
反応集男（高め）, このパーティーは正しいやろ  ワク信さんってマジで論文見てないのか知らんが  スパイクタンパクがとくに集中する場所って生殖器やぞ？  男女もそうやが生まれてくる子供にどんな影響あるか分かったもんやないでこれ  未接種者同士で子ども産むのが人類の生存戦略上も正しいと思うわ 
反応集男（遅め）, 俺は接種催促券もあるぞw 
反応集男, >>258  それ「わしはこんなとこ来とうはなかった」AA？  かわいい 
反応集女, >>274  巣まで全滅の殺虫剤ｗ 
反応集男（渋め）, 　  コロナという言葉は便利で   毒ワクで死んでもコロナのせいとプロパガンダできる   実に便利な政治の道具だな   毎日毎日テレビでコロナ煽りされて   脳に恐怖を刷り込まれて洗脳したからな   未だにコロナ脳で毒ワク接種を継続する廃人   どごまで落ちぶれれば気が済むんだ   これはワクチンカルトの集団自決だぞ  　 
反応集男（高め）, ガイジ同士くっ付いてくれて皆ハッピー 
反応集男（遅め）, 情弱は接種証明書アプリも知らんのか😰 
反応集男, >>286  捨てたやつ馬鹿だなw 
反応集女, 劣等種の集まりか。。。 
反応集男（渋め）, >>297  ホワイトハウスのコロナアドバイザーのトップ「マスクがうまくいったという研究結果は、世界中どこにもない。」  https://video.twimg.com/ext_tw_video/1606869998068432897/pu/vid/1280x720/aikUkM05I99-dMh5.mp4 
反応集男（高め）, キチガイワク信の親をもった子供はカワイソス😗  打つ必要ないのに毒打たれて自然免疫破壊されるんだからな🙂 
反応集男（遅め）, 偽未接種！？  この不届き者が！！ 
反応集男, これ真相を知って切れたヤツがパコって移してくるだろ  信じれるのは１回目未使用接種券持ちだけ 
反応集女, この辺の価値観は合ってる人同士の方がいいだろ  食い違うと家庭崩壊にも繋がるからな 
反応集男（渋め）, >>1  > 男性陣の中には医師の方もいて、『将来、ワクチン接種者は献血もできなくなる』とおっしゃっていました」   輸血の問題はホントなんとかしてくれ   非接種にとっても、ワクチンから足を洗った人にとっても切実な問題だ 
反応集男（高め）, 中卒の集まりか。。。 
反応集男（遅め）, 離婚率知りたい笑 
反応集男, まぁまだ持ってるけど様子見だから今後変われば打つかもしれないしなぁ 
反応集女, 壺政府に騙されなかった賢い男女だな 
反応集男（渋め）, 俺も入れてクレヨンww 
反応集男（高め）, まぁ気が合うのは間違いないな 
反応集男（遅め）, おいおいお前らの出番じゃねーか幸せになってこいよ 
反応集男, 反ワク団体のカモ寄せイベントかも。  実態はサクラというか内輪の集まり。 
反応集女, あとでワクチン打ってたことがバレたら離婚とかになるのかな 
反応集男（渋め）, >>277  臭っさw 
反応集男（高め）, あらまチー牛の俺入れ食い来ましたか。へえ。 
反応集男（遅め）, シェディング感染したっていう整体師もいたからな 
反応集男, >>286  10万を未開封で持っていれば正にラストハンドレッドだったな  それでは俺と同じだもん 
反応集女, >婚活パーティー    これに行く時点で接種未接種関係なく、  日本人として終わってると思う。 
反応集男（渋め）, 婚活でワクチン接種項目って冗談じゃなかったのかwww  上級はなんか知ってるやろこれ 
反応集男（高め）, >>100  どうやって裏取るのー 
反応集男（遅め）, ワクチン接種者のワク信側以外  宿泊費高い方が十分差別だからな 
反応集男, 女は既感染者お断りって人が多そう  逆に男はコロナはただの風邪の既感染者ばかりとか 
反応集女, >>252  その子供たちはどうするんだろうね  こういう時期のことを全く知らないから話を聞かされても他人事でしかないから  やっぱり多くがホレたハレたで勢いでくっついちゃいそう 
反応集男（渋め）, とにかく反ワクを声高に口に出す奴らは宗教臭がして苦手  黙ってりゃ良いのに 
反応集男（高め）, 女「あっワクチン打ってないんですね素敵  でも顔が悪いのでごめんなさい 
反応集男（遅め）, みんないずれアルミホイル頭にかぶりそう 
反応集男, >>300  捨てなくてよかった  あのマスクと一緒にとっといてあるw 
反応集女, スレの勢いトップで草 
反応集男（渋め）, >>1  この女の人、山上の母親と話が合いそう   ＞実際に婚活イベントに参加したという20代の女性に話を聞くことができた。ワクチンを接種しなかった理由については「将来子供が産めなくなる」「5年以内に死亡する」といった反ワクチン派としての主張を述べ、参加理由をこう語った。  ＞「周囲の友人はほとんどワクチンを打ってしまいました。正直、信じられないという気持ちでした。 
反応集男（高め）, 反ワクだったらノーマスクとかいう短絡的な結び付けをやめてくれないかな 
反応集男（遅め）, 未接種だけじゃなく未感染も付け加えないとだけじゃね？  感染した奴なんてどんな後遺症残ってるかわからんのだからｗ 
反応集男, 週刊新潮最新号　特集　米一流紙も報道「コロナワクチンの暗部」より   京都大学名誉教授の福島雅典先生のご発言  「これだけ皆がワクチンを打っているのになぜ感染者が増え続けているのか？  ワクチン接種によってむしろ感染しやすくなり、  ワクチンを接種した人同士で感染し合っている構図になっているのです。  そもそも次々と変異するウイルスにワクチンで対応しようという考え方自体が論理的に破綻しています」   「今回のコロナワクチンは、必要がないような人にも大規模に接種を勧めて人為的に被害が拡大しました。  すでに『大薬害』になっている、と知るべきです」  https://www.shinchosha.co.jp/shukanshincho/#&gid=2&pid=1 
反応集女, ワク信ならガキにもしっかりワクチン強制しとけよ🙂  バカの遺伝子は根絶やしにする必要がある 
反応集男（渋め）, 接種者が献血できなくなったら未接種者も輸血受けられなくなるだけやろ 
反応集男（高め）, >>313  輸血がいるような怪我や病気に気を付ければいいだけじゃね？ 
反応集男（遅め）, そりゃそうだ  遺伝子がよく分からんもんに変えられたんだから  未接種女性にとってはガチで大問題になってる 
反応集男, 基地外婚 
反応集女, 合同結婚式みたいなものかな  イベンターを注視だね 
反応集男（渋め）, 親露派の割合を知りたい 
反応集男（高め）, >>255  なんかお手紙は確かに来たよ  １回目２回目セットがもうすぐ打てなくなるお知らせみたいなの 
反応集男（遅め）, 『将来、ワクチン接種者は献血もできなくなる』  これが起きたらマジでやばくね 
反応集男, >>252  え？片方は10年も生きられないのでは？笑 
反応集女, 壺政府に騙されて打った奴  そっ閉じスレ 
反応集男（渋め）, 抗体持ち 
反応集男（高め）, わい大勝利😁 
反応集男（遅め）, 未接種者の血液バンクが必要やな  金の卵やで🙂 
反応集男, ワク信のやつ催奇性あるもの身体にぶち込んでんだもんな  そりゃ未接種重宝がられる 
反応集女, ガチのワクチン未接種って全体の10パーとかだろ  そっから病気の関係で打てないやつひいたら残るやつってどんなモンスターだよ… 
反応集男（渋め）, >>274  ここに愛知県民を混ぜるか  開催地を愛知にしたら良いんじゃね  サプライズで「俺コロナ」パフォーマンスが始まる 
反応集男（高め）, これってどうやって未接種を証明するんだ？  って思ったら接種券の提示だけかよ信用ならんな 
反応集男（遅め）, 巣www    ワクチン絶対打たない会 Part0155  https://kizuna.5ch.net/test/read.cgi/infection/1673413259/ 
反応集男, 絶対接種済みも混じってると思うけど  ズッポリした後にバラしたら発狂するのかな 
反応集女, DNAが違うすなわち人間と人モドキだからね 
反応集男（渋め）, この3年、子供産めない人ばっかになったのか 
反応集男（高め）, >>328  海外で問題になってたが、富裕層は打ってないんよな  自分の分の接種を替え玉に受けさせて接種済みってことにしてる  そういう事例が多数発覚して去年アメリカ？のニュースに出てたよな 
反応集男（遅め）, そういうビジネスか  よう考えるな 
反応集男, >>340  確かに  感染してたら意味ないよね 
反応集女, ワク信発狂してて草 
反応集男（渋め）, >>1  反ワクの話で盛り上がって  DSがどうだの、ワクチンがどうだの、  河野がどうだのって言ってる集まりなんでしょ   まあ医者はその中にいらんだろうね  霊感商法するならカモだらけ 
反応集男（高め）, >>313  ワクチンから足を洗うってどういう意味？  どういう行動をすれば足を洗ったと誰が判断するの？ 
反応集男（遅め）, 犯ワクのせい 
反応集男, >>332  副反応で40度の高熱が出たやつの種はもう… 
反応集女, >>350  反ワクがエホバみたいに輸血しなくなるだけ 
反応集男（渋め）, 確かに嘘つきほーだいだな  接種済の方は余裕で証明できるけど 
反応集男（高め）, 未接種のおなごを狩りにいくで😊 
反応集男（遅め）, >>350  実際に海外では未接種の血液バンクができとる 
反応集男, >>291  と、思うじゃん？反ワク達ってあらゆるワクチンを否定しだしてるんだぜ 
反応集女, ハハハ選ばれし1000万人の婚活かw 
反応集男（渋め）, >>21  参加者名簿がもうなw 
反応集男（高め）, 時代が追いついてきたか！ガタッ 
反応集男（遅め）, 接種歴のない反ワクチンってもはや人口の1-2%だろwww  このままカルト化していくのかwww 
反応集男, 接種者は接種者同士で輸血できるんじゃない？ 
反応集女, >>334  顔じゃなくて金だよ重視するのは 
反応集男（渋め）, >>356  未接種しか未接種を求めてない  ここに接種済みだけど、未接種の相方を探しには来ない 
反応集男（高め）, なるほど、接種券でシール貼られてないなら未接種証明ってことが 
反応集男（遅め）, >>1    うわー　基地害の集会かよ   どこかｔらかウイルスがくっついて一気に無理な自然抗体獲得と重症化脂肪が出るんじゃないの。怖い怖い 
反応集男, 行き遅れパヨチョンの集まりかw 
反応集女, >>167  この記事信じるの? 
反応集男（渋め）, そのうちエホバと合流するんだろうなあw 
反応集男（高め）, 打った証明は出来るけど打たない証明ってどうやってするんだろ？  封を切ってない接種券と身分証明書を持っていくとかなのかな 
反応集男（遅め）, 遠回しに高学歴限定婚活って言ってるな 
反応集男, 反ワクは全員登録しといて欲しい 
反応集女, でもワクチン未接種者にボインちゃんいないよね？ 
反応集男（渋め）, もう2度と元に戻れないワク信  きれいな人たちを筋違いで恨む 
反応集男（高め）, 行きたい！  資格はあるのに既婚者だわorz 
反応集男（遅め）, >>61  バカ発見w  なんも知らんのな 
反応集男, >>376  mRNAで脳焼かれたか？ 
反応集女, 頭いい奴限定ってことやな 
反応集男（渋め）, >>305  自治体から接種券が来る前に医療従事者先行で打つ勤務先の地域の医師会主催のやつ一回でやめたけど区の方からは年末の最終告知分含め一回目二回目の接種券届いてるから紐付けされてないっぽい  漏れてる人他にも居ると思う 
反応集男（高め）, >>1  mRNAの注射って、   遺伝子治療と同じだもんなw   遺伝子変異したらどうなるか分かるよな。 
反応集男（遅め）, エホバの信者みたいだな 
反応集男, >>376  ウソこけ  そんなことないわ  治験がキチンと済んでれば拒否する理由がないだろ 
反応集女, >>1  こういう差別やめなよ  迷惑ですよ 
反応集男（渋め）, 子供がかわいそう  宗教2世より悲惨 
反応集男（高め）, 接種者は遺伝子腐ってるからな  つかいもんにならん 
反応集男（遅め）, >>339  なんか勝手に理想的なハンワクを作り上げて敵対してるよな  典型的な対立煽りだけど効果的だからなぁ 
反応集男, >>98  以下の間違いだろw 
反応集女, 間抜け同士でコミュニティ作って暮らしそう。左翼の連中そういうの大好きだし。 
反応集男（渋め）, 突然死リスクがあるから  住宅ローンも生命保険も入れない男とは  結婚できないよな。家も借りれないか   もしローン組めたら団信でチャラか 
反応集男（高め）, 顔面バイオハザードの集まりでリアルバイオハザードが始まるっ！ 
反応集男（遅め）, 既知外×2が増殖するの？ 
反応集男, ワク信もう後戻りできないと咽び泣く🙂 
反応集女, 2年前からの予想通りになってきた  こういうのが増えていくだろうな 
反応集男（渋め）, 私JDだけど  スパイク童貞のピストンって最高だと思う 
反応集男（高め）, もうすぐ俺の精子を世界中に女が求めるようになるのか 
反応集男（遅め）, 宗教みたいな集まり 
反応集男, >>357  それは50歳以上の数字  20代30代は80％ちょいあたり  世界中でワクチンの危険性が周知されきてmRNAワクチンをあまり打たなくなってるね  色んな国で破棄されていってる 
反応集女, >>61  メッセンジャーRNA だけだろ 
反応集男（渋め）, >>1  私が許すから  厚労省はそいつ等全員捕まえて強制不妊手術のち解放で良いよ  んな連中の遺伝子のこしちゃいかん 
反応集男（高め）, 身内が反ワクだけど、更にヴィーガンで有機野菜しか食べなくて5G電波がどーのこーのとかめんどくさくてしかたないよ  まぁ前提条件として統合失調症なんだけどね 
反応集男（遅め）, >>390  ｗｗｗ 
反応集男, 宗教はワク信定期 
反応集女, >>376  反ワクにも濃度があるが、  最強レベルになるとヴィーガンかつ化学調味料まで否定する  んで西洋薬も漢方薬も使わない  使うのはレメディとホメオパシーとボトックスとデトックス  このレベルは間違いなく全ワクチン否定派   mRNAだけ否定するのは中国人だよ  不活化ワクチンだから、あの国 
反応集男（渋め）, >>376  コロナワクチンの副作用で妄想まで見るようになったか… 
反応集男（高め）, 反ワクで意気投合して結婚しようってのも凄いな  結婚生活は毎日反ワクな会話すんだろかｗ 
反応集男（遅め）, >>61  今日のこの状況でこの程度の認識で大丈夫なの君？ 
反応集男, 反ワク馬鹿ｗｗｗ  本気で俺の精子がとかいってそうｗ 
反応集女, >>333  だったらこんなスレにいちいち来てんじゃねーよ知的障害 
反応集男（渋め）, 相互主義が蔓延るだけなのに  そういう世界を望むんだな 
反応集男（高め）, 本気で「将来子供が産めなくなる」「5年以内に死亡する」が起きると信じてんだな…  てかこれが本当に起きるとしても俺は接種することを選ぶが 
反応集男（遅め）, この流れが日本だけと思ったら大間違いだぞ  先日NZで手術するのに未接種者の血を希望ってニュースがあったし  欧米では実際未接種者の血がやり取りされるマーケットが出来てるって言われてる  貴重な未接種者はもはやブランドになってるんだ 
反応集男, 私清楚系のボインだけど未接種者はありえない 
反応集女, 価値観同じでいいかもね！  コロナワクチンは卵巣と精巣に蓄積されるらしいし  妊娠しにくくなるようだし 
反応集男（渋め）, >>1  この現実から目をそらしてはならない   1.得たいのしれないmRNAを体内に注入  　↓  2.遺伝子が変異＝汚れた遺伝子  　↓  3.将来、何が起こるか分からない  　健康な子どもが生まれるか分からない 
反応集男（高め）, 未接種だけど、別にこだわりとかねーわ  単に打つのがめんどいのと、接種後の発熱がだるいだけ  どっちかというとマスク警察より   でも未接種×半マスクだと、核反応が起きてやばい人種が爆誕するんだよね 
反応集男（遅め）, >>61  コロナのワクチン打ってない人も定期接種はほとんど行ってると思うよ 
反応集男, 接種者が死に絶えてもいいように対策しないとね   大盛況はいいことですね 
反応集女, >>291  女の反ワクでワクチン全般否定する自然派を見たからこういうコンパに出てるように思ったよ  ホメオパシーとかやってるタイプだった 
反応集男（渋め）, まあどうせ新しくパートナー選ぶなら得体の知れないワクチン体に入れてない相手がいいわな　子供作るまで考えたらなおのことな 
反応集男（高め）, >>419  Twitterの反ワク達は統合失調症の多いこと、多いこと。 
反応集男（遅め）, ワクチン接種者とか奇形児生まれるリスク高いなってそうだししゃーない 
反応集男, 医者だらけか  勝ち組じゃない 
反応集女, >>429  起きないと思ってるから打つんだよ馬鹿は 
反応集男（渋め）, 接種券だけだと心もとないな  念のためチップチェッカーでも確認した方がいいな 
反応集男（高め）, 宗教団体の勧誘が捗りそうなパーティーだなw 
反応集男（遅め）, 反ワクチンの知能レベルを分析した国の機関の研究w  欧米の研究でもほぼ同じ結果が出てるねw    ttps://www.rieti.go.jp/jp/publications/summary/21050005.html   ttps://www.ncnp.go.jp/topics/2021/20210625p.html 
反応集男, ワクチン接種者とはセックスさえ出来ない・してはならないらしいね。  そうしないシェディングで未接種の意味が無くなる。  要は濃厚な接触はワクチン接種と同様の効果が在るって事。 
反応集女, 良いなぁ  既婚じゃなければ参加してたな 
反応集男（渋め）, 献血の血も選別されてるとか  さすがに都市伝説と思いたいが 
反応集男（高め）, 付き合いたくねぇ 
反応集男（遅め）, 遺伝するらしいからな  こういうの助かるわ 
反応集男, こんなザコウイルス普段の生活で毎日感染してるらしいじゃん  ワクチンはまた別のやばさだよな寿命に関わる 
反応集女, 何これ  相手は主催者が選ぶとか？ｗ 
反応集男（渋め）, 　(　ﾟ∀ﾟ)  　(　　∩ミ 　ほーら、未接種だよ  　 |　 ω |  　 し ⌒Ｊ 
反応集男（高め）, >>389  打ってればタトゥーみたいなもんだから  それがないだけで証明になるやろ 
反応集男（遅め）, 358 ニューノーマルの名無しさん[sage] 2023/01/01(日) 16:14:25.96 ID:v8rpT7pg0  コロナワクチンはRNAワクチンまたはDNAワクチンであり、中身は遺伝子製剤です。  コロナウイルスの遺伝子をワクチンとして使っていますが、遺伝子製剤ワクチンは現在まだ研究途上の実験段階で、人間に大規模接種されたのは史上初の試みです。   コロナワクチンの危険性は主に２つありますが、１つは抗体依存性自己攻撃です。遺伝子製剤ワクチンであるコロナワクチンは、その作用機序として接種された人間の細胞内でウイルスの遺伝子を発現させます。ワクチン接種者は自分の細胞でウイルスの一部分を細胞表面に保有する事になるのです。そのため、抗体が攻撃するのはウイルスだけではなく自分自身の細胞もです。コロナワクチンは筋肉に注射されますが、筋肉の部分のみに留まるとは限りません。注射された脂質ナノ粒子は全身に運ばれ、最も蓄積する部位は肝臓、脾臓、卵巣、副腎だという事が分かっています。他にも血流を通して、心臓、肺、脳などにも運ばれる可能性があります。そうした場合、免疫が攻撃するのは、例えば卵巣、脾臓、副腎、血管、心臓、肺、脳です。免疫系が自分の体を攻撃する。つまり自己免疫疾患と同じ事がコロナワクチン接種により起こり得るという事です。   もう１つの大きな問題はスパイクタンパクそのものに毒性がある事です。スパイクタンパクとは、平たく言うとコロナウイルスの表面に生えているトゲトゲ部分の事です。コロナウイルスは血栓を作り、肺や心臓、脳にも障害を起こす事がありますが、実は血栓を作るにはウイルス本体は必要ではなく、スパイクタンパクだけでも同様の障害を起こすという事が分かってきました。当初ウイルスが犯人だと思っていたら、スパイクタンパクが犯人だったという事です。そして、コロナワクチンはまさにこのスパイクタンパクを使っているのです。血栓はワクチンを打った後すぐに出来るとは限りません。血栓の出来やすさは個人差や体調、他の病気との兼ね合いによっても変わってきます。飛行機搭乗中や登山など、気圧の変化といった外的要因にも影響を受けるかもしれません。そういう状況下ではすぐに病院にも行けません。スパイクタンパクがいつ血栓による障害を起こすか、時限爆弾を抱えているようなものです。 
反応集男, 実際にコロナ陽性になったかどうかは関係ないっぽいな 
反応集女, ワイも行きたいけどマスク着けてないのは嫌だな 
反応集男（渋め）, 数年後にはワクチン打った連中は差別されてそう 
反応集男（高め）, ワロタ。ここまで逝っちゃうと別の意味で怖い 
反応集男（遅め）, ワクチンよりマスクしたくねえわ  明確にデメリットあるし 
反応集男, 摂取してることはたやすく説明できるけど  どうやって摂取してないことを示すんだろ  未使用の摂取券？を持っていくのかな 
反応集女, >>155  スマホに無料アプリのBLE Scnannerをインストールしてパートナーから反応が出なければ一応安心 
反応集男（渋め）, 未接種でコロナになったら治療費全額自己負担なら別にいいんじゃねーの？  何も予防してないのに罹ったら公金使うとかばかじゃね 
反応集男（高め）, >>426  mRNAを体内に注入した重大さを  しらないお前の方がバカ   得たいのしれないmRNAを体内に注入  　↓  2.遺伝子が変異＝汚れた遺伝子  　↓  3.将来、何が起こるか分からない  　健康な子どもが生まれるか分からない 
反応集男（遅め）, 俺反ワクだけど、こんなのに集まるやつキチガイばかりだろうから絶対無理ｗ 
反応集男, >>429  な～む～   お仏壇のはせがわ♪ 
反応集女, アホだなぁ 
反応集男（渋め）, 反ワク入れ食いやんけwww 頭よすぎて女選び放題やぞ！！  しかし、相手は良く選びなよ。×2の俺はマジで応援しているが。  一緒に生活していると違和感を感じるもんや。結婚を境にそれが100倍になる。  それを頭に入れておきや。 
反応集男（高め）, 政府に逆らえる男ってかっこいいしな  女はそういうタイプ好きやろ 
反応集男（遅め）, 汚れた血 
反応集男, 親がワク信だと産まれたときからワク信の血だからなあ  免疫力もないし入退院繰り返しそう 
反応集女, 草 
反応集男（渋め）, ちんちんもみもみ 
反応集男（高め）, 献血とかはマジで気にする人が多そうだな 
反応集男（遅め）, >>458  いっぱいいるのに 
反応集男, >>430  もしかしてそう遠くない未来に狩りが始まるの？怖すぎる 
反応集女, >>444  無宗教派だらけやぞw 
反応集男（渋め）, >>364  確かスペインの富裕層とかだよな  接種してないのに接種証明だけ偽装して貰ってたのバレた 
反応集男（高め）, >>429  医学的に証明されるのを待ってたら結婚適齢期逃しちゃうしな 
反応集男（遅め）, 俺も未接種だがマスクはする 
反応集男, 反ワクチンは事故ったらどーすんの？  輸血拒否してそのまま死亡？   www 
反応集女, 体内でホワイトクロット飼ってるようなやつと結婚したくないよね😗ミュータントだし 
反応集男（渋め）, >>1  未摂取より『ハゲ限定』でお願いしたい 
反応集男（高め）, >>459  いうて接種者限定婚活アプリも速攻で登場してたからな 
反応集男（遅め）, >>419  ヨーガだチャクラだ言ってね？  家族で誰か一人チャクラが開くと家族全員ノーガードで無敵になれるらしいで  どんな理屈か分からないが 
反応集男, >>463  いやお前ら税金投入してワクチン打ってるくせにコロナに罹ったら病院行くとかおかしいやろ 
反応集女, ワクチン未接種のおっさんだけどJKと結婚できる？ 
反応集男（渋め）, >>465  正解。こんなのに集まるのは選ばれし統合失調症のエリート達だから 
反応集男（高め）, 何この合同結婚式 
反応集男（遅め）, >>390  逆だ 
反応集男, 陰謀論に騙される情弱限定パーティーとか統一が総出で参加しそう  むしろ主催者かもな 
反応集女, ワク信どうすんだよこれ 
反応集男（渋め）, >>387  反ワクの医師が存在することは事実  前に事件起こしてたろ 
反応集男（高め）, >>436  まぁ、こういうのを多様性として認めるのが強靭な社会なのかもね  ワクチン未接種者から優秀な抗体が生産されるとかあるかも知れんし 
反応集男（遅め）, ワクチンなんて関係ないよ  金もたいして関係ない  結局は婚活もイケメンと美人しか相手にされない   社会人になっても中年になっても顔 
反応集男, これ未接種者の情報収集されてるかも 
反応集女, ワク信どーすんのこれ😹😹😹 
反応集男（渋め）, 煽りでも何でもなく接種したヒトに純粋に聞きたいんやが   普通ワクチンって治験から実用化までに10年くらいの工程を挟むやん？  でも今回のmRNAワクチンは動物実験はしたけどヒトでの実験は短期間しかせずに現場に投入されたやん？  つまり中長期の人体への影響はリアルガチで未知数やん？   そこで聞きたいのは  未知のワクチンを接種するリスクって当然あると思うんやけど  接種者って何を信じて打ったん？  どこの学者？何の研究なん？ 
反応集男（高め）, まあワクチン拒否者は選ばれし者ではあるな確かに 
反応集男（遅め）, オマエラは壺売りだが末接種最強伝説は自分自身の自己評価だけを売りそれは無料で買うも買わないもあなた次第  未接種最強伝説は不滅です 
反応集男, >>475  汚れた遺伝子は多数派だろうが差別されるやろ 
反応集女, >>1  接種済みの人は正直、そこまでワクチン接種についてはこだわっていないのが大半   未接種だけど相手がどうとか気にしないわ  どっちが正解なんて誰もわからんやん 
反応集男（渋め）, 日本もそろそろこじつけでもいいから出会いの場がいるわ 
反応集男（高め）, 福島出身女子とかも差ヴぇつ対象なんやろな 
反応集男（遅め）, もう宗教団体の合同婚活w  マイクロチップ入りワクチンで5G使ってコントロールw  プーチンは、DSと戦う光の戦士w  ウクライナはDSのウイルス実験場w  ビルゲイツは人類抹殺を計画w  ワクチンを打てば2年以内に死ぬw  コロナはただの風邪w   壺レベルに危険 
反応集男, >>486  ？ 
反応集女, 価値観の一致は大事ではあるからなあ  個人的には婚活よりも輸血の方が気になるけど 
反応集男（渋め）, ワク信は自力免疫力だけでは生き残れない  弱いDNA種だからな、生まれる子孫のこと考えたら婚活パーティーでは省かれるわなw 
反応集男（高め）, >>442  起きたとしたら、インフラ、医療、社会全てが崩壊そこらに処理できない遺体が転がる  電気も水も止まりそれこそ地獄だと思うんだが 
反応集男（遅め）, >>464  得体の知れないチンポを入れた女  ↓  ２　遺伝子が変異=汚れたオタク遺伝子  ↓  ３　将来引きこもりになる  不健康なオタクになる   こええ 
反応集男, >>167    中指凸精神科医みたいなの？笑    ' 
反応集女, 接種者からはスパイクタンパクを作り出す子供が生まれる 
反応集男（渋め）, ブサイクパーチーやな 
反応集男（高め）, 純血のファクターＸ持ちだからな  そうなるのもしょうがない 
反応集男（遅め）, >>430  輸血問題は今後出るだろうな  入墨したやつはノー！HIVやmRNA持ちもノー！ってなるな 
反応集男, 同じ知的レベルの人同士で結婚する方が疲れないだろうからこう言うのは良いと思うよ 
反応集女, 5年以内に死ぬwwww   アホの集まりやんw 
反応集男（渋め）, 反わくの電波出てそうだな。 
反応集男（高め）, >>439  製薬会社もファイザーも厚生労働省も  成分を発表　公表さえできない遺伝子医療の治験に参加して   未接種者でも３日寝てりゃ治る風邪みたいなモノに対して何回も打って  それで治るとかおもってる人たちのほうがよっぽどオカルトだぞ　結果自然免疫もぶっ壊されてるじゃん?  どっちがホントの陰謀論者なんだよ 
反応集男（遅め）, 合同結婚式でも始めそうだなwww  カルトまっしぐらwww 
反応集男, >>1  キモい。馬鹿同士の遺伝子を受け継いでくの？ 
反応集女, あっち側の罠にハマるとは 
反応集男（渋め）, >>457  ノーマスクも一緒くたにされてるのは嫌だよな 
反応集男（高め）, 未接種証明できるの？ 
反応集男（遅め）, >>461  打ってないならマイナンバーに記録されていない  証明は感嘆 
反応集男, >>487  出来る🤭  ガンガン行こうや！😁 
反応集女, 接種者が死に絶えた後に未接種者で人類再興するみたいな事を言ってたっけ  少子化対策の参考にしたら？  我々の正しさから始まって遂には人類再興にまで結び付く夢を細かく分かれたそれぞれの集団で流す的な 
反応集男（渋め）, ワクチン撃っちゃった８０％の国民からは正常な子供は生まれないの？  スパイクタンパク乳児が誕生する？ 
反応集男（高め）, 死に活 
反応集男（遅め）, ちなみに俺は未接種の証明は出来ないが全国3000人を対象とした厚労省の抗体保持の調査対象として選ばれた。  協力して欲しいと2回仰々しい書類が送られて来たわ。 
反応集男, >>497  別に。カルト化しないか注視だね 
反応集女, ゾッとします 
反応集男（渋め）, つか未接種者はゴキブリと言ってた医者のジャーナリストも  4回目を拒否したくらいだしな  多くのスレでワク信の人があっつーまに少数派になってきてるね  コロナ死での死者はほとんどがワクチン接種者だし 
反応集男（高め）, どっちにせ行きすぎる輩はしんどいな  頼むから思いは胸に留めて布教だけはしないでほしい 
反応集男（遅め）, >>487  JKです。未接種素敵ですね  よろしくお願いします 
反応集男, >>509  だから打つのか  よくわからんな 
反応集女, >>506  どうでも良いけどインフルエンザは全く騒がないくせになんでコロナだけ特別騒ぐんだよ？  頭弱すぎだろ 
反応集男（渋め）, 俺もワクチン未接種で1回コロナ感染したけど以前と変わらずセックスとオナニーしてる  ワクチン接種した奴も以前と変わらずセックスやれてるのかな？ 
反応集男（高め）, ますますエコーチェンバーしちゃうやん・・・ 
反応集男（遅め）, 接種者限定の婚活・・・　なんて当たり前かw  非接種者限定だからニュースになる。 
反応集男, キチガイワクチンミュータントタートルズ爆誕😗 
反応集女, 独り身ワク信も騙し通せたらチャンスあるかもな 
反応集男（渋め）, ただでさえ婚活市場なんて女が必死なだけなのに  これに関しては女は必死だろうな  何せ卵巣やら子宮やらがワクチン笑でえらいことになってるらしいからな 
反応集男（高め）, ワクチン打ったら差別されるようになる  ２年前にさんざん書き込んだなあ 
反応集男（遅め）, >>510  自己紹介はいいから 
反応集男, >>519  年収低そう。 
反応集女, >>47  無輸血治療を検討したほうが現実的かもね 
反応集男（渋め）, コロナワクチンは打ってないけど風疹抗体無いやつは風疹ワクチン打っとけな男も女も、じゃないと子供に影響しかねない  おれは風疹抗体有ったからな。 
反応集男（高め）, 臭そう 
反応集男（遅め）, >>453  \(⸝⸝ᵔꇴ(⸝⸝ᵔꇴᵔ(⸝⸝⸝ᵔꇴᵔ⸝⸝⸝)ᵔꇴᵔ⸝⸝)ꇴᵔ⸝⸝)/ 
反応集男, ワクチンのミーハー信者も実は不安でいっぱいなんだろ  拠り所は大勢が打ってるだけだもんな 
反応集女, 性交やワクチンの穢れを知らないチンコならここに！！ 
反応集男（渋め）, どんなメンバーが集まってるのか見てみたいし、職業がどんな人なのかも参考までに知りたい  (´･ω･｀) 
反応集男（高め）, 思想と宗教がセット  一般人は関わらない 
反応集男（遅め）, 反ワクから反薬害にクラスチェンジしました 
反応集男, >>517  IgG4が確認されてるから打ち続ければ確実に死ぬと思うよ 
反応集女, こういうカルトの集会に集まる女ってチョロくて簡単にセックス出来るよ 
反応集男（渋め）, オレは高齢者が一か八かで打つのはまあ有りかなと思ってるけど  若いヤツでこんな胡散臭いワクチンワザワザ打つヤツなんて  ハッキリ頭が悪いと思う  反ワクが選ばれし者なのは明らかだね 
反応集男（高め）, 反ワクじゃないか  長期的なmRNAワクチンデータってないからなぁ 
反応集男（遅め）, 未接種でもコロナに感染した瞬間にアウトだけどなw 
反応集男, 馬鹿っぽい話だけど  付き合ってデキてからワクチン関連で意見の相違で別れるよりはマシなんやろな 
反応集女, 着眼点がすごい  宗教とか思想は同じ方がいいもんね 
反応集男（渋め）, >>25  実際、既婚でもワクチン接種の問題で  上手くいってないもんな 
反応集男（高め）, >>62  ひろゆきも所詮ぼんくらの80%  ワイの勝ちやね 
反応集男（遅め）, 未接種は勝ち組ってことか 
反応集男, 未接種者の証明   未開封の接種券 
反応集女, >>510  mRNAに脳ヤラれてやがる…！ 
反応集男（渋め）, >>486  無保険で事故って俺は悪くないから税金で保障しろとかいうやつか  未接種だけ選民されるんなら勝手にどうぞ 
反応集男（高め）, 無職引き籠もりだらけ  上場企業だと接種証明しるからな 
反応集男（遅め）, >>30  あったな、接種初期に盛り上がってた 
反応集男, イケメンや美女はまず居ないだろうな  ブサイクなオッサンとジジイばかり  そこに女性は存在しない 
反応集女, 参加できないワク信がブチ切れてて草 
反応集男（渋め）, >>369  > ワクチンから足を洗うってどういう意味？   反ワクチンはゴキブリと同じですね。  きっと人類が滅びる時まで生き残るけど、人類には百害あって一利なしということ。  2021年05月07日 4:57  htt  ps://pbs.twimg.com/media/FSZSIv8VEAAvFog.jpg   ↓   新型コロナワクチンの4回目接種  受けるのをやめることにしました。  htt  ps://pbs.twimg.com/media/FlrZGO1akAAzfYv.jpg 
反応集男（高め）, 反ワクてポリオもMRも3混も4混もロタも日本脳炎もおたふくも水疱も反ワクしてんの？ 
反応集男（遅め）, ワクチン接種済みの女の生足を観察してる者だけど虫刺されみたいなぶつぶつだらけで汚いんだよな  未接種者は足がキレイ  これで見分けられる 
反応集男, 日本の反ワクは日本が大嫌いな在日バカチョン  壺ガーも本家バカチョンと自民党が仲良くした事に嫉妬してる、在日バカチョンなw 
反応集女, 俺の娘は純血のファクターＸ持ちにしか渡さん 
反応集男（渋め）, まぁそうなるよね 
反応集男（高め）, >>1  ２回接種したけど  参加できないの？ 
反応集男（遅め）, >>565  何をいまさら当たり前のことを 
反応集男, >>554  ワクチンを信じないヤツは狂信者なんですね  分かりますw 
反応集女, >>1  うおおおお  年齢童貞ハゲデブ４５だけど  未接種だからイくかああああああ！！   ｗｗｗ（´･･ω`　反ワク　） 
反応集男（渋め）, 大企業やそこそこ有名な企業なら職域接種があったはずだからフリーランスとか自営しかいないんじゃないの？ 
反応集男（高め）, 色々拗らせてそうで知り合いになりたいとは思わん 
反応集男（遅め）, カルトと何が違うの 
反応集男, 統一されてるっぽくみえるな  だから間違いなく統一だわ 
反応集女, スパタン人間お断り✋ 
反応集男（渋め）, アノン系か 
反応集男（高め）, スーパーヒーローの遺伝子を求めるのは当たり前  もはや世界的英雄   https://video.twimg.com/ext_tw_video/1578641993990742016/pu/vid/1280x720/5u-s34olK3SiQJpv.mp4 
反応集男（遅め）, >>558  でも君、低所得・低学歴なんでしょ・・・ 
反応集男, >>565  接種する前から勝ち組じゃん  元々IQが違うから 
反応集女, 入会金は300万くらい？安いか 
反応集男（渋め）, >>560  問題視されてんのはmRNAだからちがう 
反応集男（高め）, そりゃあ治験用モルモットみたいな体に毒入れるような歩くスパイクタンパク培養装置なんかと結婚も付き合いもしたくねーだろw  あいつらスパイクタンパクが体液からも皮膚からも滲み出てる様な公害だしな💉🐀👈🏻🤣 
反応集男（遅め）, 大切な人のためにってことでみんな接種したんだから、  未接種の人は周りに大切な人がいない性格破綻者か  相手のことを考えられない強烈なエゴイストだよ 
反応集男, まぁあとあと臓器移植なんかに使われなきゃいいが 
反応集女, ミュータントタートルズ発狂してんじゃん😗  未接種が羨ましくて仕方ないのしか伝わってこないぞ～🤪 
反応集男（渋め）, >>536  よくわからんのは、これを信じて打たない奴だけどな  実際に起きたらどうなるのか考えず短絡的に行動してるように見えるわ 
反応集男（高め）, >>569  海外出張多いエリート企業のキャリア組は間違いなく打ってるからな 
反応集男（遅め）, >>573  これはひどい 
反応集男, 次ぎはワクチン関係なく男女共ハゲだけの婚活をしてハゲ人だけのコミュニティを作ろう企画 
反応集女, >>590  いや自己紹介要らないよアホw 
反応集男（渋め）, こだわりが双方強くって揉めそうだなぁ 
反応集男（高め）, 生死をくぐり抜ける精子( ｰ`дｰ´)ｷﾘｯ 
反応集男（遅め）, クソビジネス 
反応集男, なんかの実証実験？ 
反応集女, >>75  未接種の血液が話題になる時代だからなあ 
反応集男（渋め）, 楽しそうだな俺も参加したい 
反応集男（高め）, 　    オレは高齢者が一か八かで打つのはまあ有りかなと思ってるけど     若いヤツでこんな胡散臭いワクチンワザワザ打つヤツなんて     ハッキリ頭が悪いと思う     反ワクが選ばれし者なのは明らかだね     　 
反応集男（遅め）, >>525  それ職域も含まれるの？ 
反応集男, 自分はまだ打ってないんだけど、ここまで来たらワクチンが薬害だった場合の日本人としてのオプションとして打たずにおこうと思う。 
反応集女, >>590  まだこんな事言ってる人がｗ 
反応集男（渋め）, 子供だけでなく乳幼児にまでコロナワクチンを打つように要請しだしたの岸田政権  こんなの世界中でやってるの日本とアメリカの一部の州くらい  岸田への警戒度は増したほうがいいよ  経済もボロボロにさせていってるし 
反応集男（高め）, 3000万人弱って算数も出来ないのか？ 
反応集男（遅め）, >>528  最新の研究では接種者の逆転写は51%だね  自分の設計図が変わってるから子供も当然そうなる 
反応集男, これはいいね！  逆に反ワク限定の婚活パーティーもすればいいのに  奇妙なおっさんおばはんばかり集まりそうだけど 
反応集女, 逆ワクチンパスポートキター！ 
反応集男（渋め）, >>597  君、低収入の高卒でしょw 
反応集男（高め）, 遺伝子ワクチンもどきを打たないだけで、従来型には抵抗ないから必要なら打つよ  遺伝子組み換え食品は嫌がるくせに遺伝子ワクチンもどきは嬉々として打つんだもんなｗ  https://i.imgur.com/WsAIkj7.jpg 
反応集男（遅め）, こういう話題がとても気になる接種さんw 
反応集男, >>463  お前馬鹿だろ？  ワクチン接種は当初治験だったんだぞ。  治験＝自己責任だ。  未接種での感染は只の病気だが接種したら自己責任だぞ。 
反応集女, >>599  反ワクは働いたこと無いからそれすら知らない 
反応集男（渋め）, >>593  余計まずいだろw  やっぱり反ワクチンはバカだなwww 
反応集男（高め）, >>565  未接種+未感染 真勝ち組  未接種+感染 勝ち組 
反応集男（遅め）, 言ったもん勝ち？ 
反応集男, >>574  そこまでマジ基地の反ワクはいない   と思う(´・ω・｀)   どうせコロナだけやろ   中途半端なんよなｗ 
反応集女, >>91  接種済みのみ、の物もあるぞ  あまり知られてないのかね 
反応集男（渋め）, 俺なら土地もビルも全部！って言うね 
反応集男（高め）, >>1  反ワクって老害しかいないイメージだけど。また馬鹿な若い女を騙す手段を一つ手に入れたってこと？ 
反応集男（遅め）, >>1  こういう人たちて  西洋医学否定してるの？ 
反応集男, >>598  結論  何が起きるか分からないから打たない   これならわかるか？ 
反応集女, 未接種の過半は病気の高齢者か幼児だろ   だから男女50人で大盛況なのか 
反応集男（渋め）, >>568  ワクチン中毒が調子乗んなよ  頭弱いくせに 
反応集男（高め）, >>1  あ　そういえば予言者たちが2025年に人類滅亡すると言ってるよな  ワクチン接種始まってから5年後だな  5年以内にワクチンを打ったマウスは全滅してると言われてたよな 
反応集男（遅め）, 俺もすぐ破り捨てたな困ったな 
反応集男, ふぐスマ県人は例外なく２０年後に腎臓がんで全員紙ぬ！って最後通牒渡されてるから。  コロナワクチンなんか余裕ですよｗ 
反応集女, >>579  ２回打ってから半年経てば未接種として参加できますよ  中和されて体内からmRNA消えますんで 
反応集男（渋め）, >>1  あ　そういえば予言者たちが2025年に人類滅亡すると言ってるよな  ワクチン接種始まってから5年後だな  5年以内にワクチンを打ったマウスは全滅してると言われてたよな 
反応集男（高め）, ワクチンは痛いけど彼のお注射は気持ち良いもんね 
反応集男（遅め）, >>573  ワロタw  最初の時点で未接種者が生き残って接種者が滅ぶこと断言してるやないかーい！ 
反応集男, >>565  勝ち組  この飲み会でクラスター出たら全滅する 
反応集女, 逆にワクチン接種者の婚活パーティーはというと  皆体調が悪いのであった 
反応集男（渋め）, >>1  ワクチン不要派はモテルってこと？  よしゃああああああ 
反応集男（高め）, >>616  もはやほとんど未接種者≒反ワクじゃねえの 
反応集男（遅め）, 接種さんの悲鳴だらけやんw  素直になれよ 
反応集男, >>625  ニオイでわかるからバレるよ 
反応集女, >>623  マズイかどうかキメるのはおまえじゃないしｗ 
反応集男（渋め）, 今や追加接種者も少数派となり医師会からも捨てられたワクチンは安心安全というエビデンス   賢い人たちだけで結婚するのはいいことだよw 
反応集男（高め）, >>599  ひろゆきも打ってるからね 
反応集男（遅め）, 君達に日本の未来は託されたのだ 
反応集男, 孫氏の兵法   戦わずして勝つ 
反応集女, >>622  反ワクの本体はYoutubeで真実知ったw 高卒の主婦がメインだからな 
反応集男（渋め）, 汚れてない血が欲しいのか   ヴァンパイアもドン引きするぞ 
反応集男（高め）, これなぁ  誰かから本当に愛されていた女には薄い微かなツテでも「ワクチン危ないから射たない方が良いぞ」と声かかってるんだよね  俺を信じて射つな、はプロポーズと同じレベルなんだよね  これを取れなかった馬鹿が愛の不足を喚く方がおかしい 
反応集男（遅め）, >>620  ID真っ赤にして何言ってるの？ 
反応集男, 未接種は毎月献血するだけで不労所得ニートかあ 
反応集女, 基地外の坩堝で草 
反応集男（渋め）, 性格がキチガイだらけ  ちょっと見てみたい！ 
反応集男（高め）, ワク信どーすんの、これ 
反応集男（遅め）, >>124  外国では、かなり前から話があったよ  ようやく日本にも出て来た感じ 
反応集男, やっぱりこういうのが出てきたなw  精子、卵子、血液で圧勝だしな。 
反応集女, 婚活だから  子供できたら遺伝子異常とか気にしてるんだろ  被爆とかも確かに異常でるからな 
反応集男（渋め）, ワクチン打っても、ウイルスはどんどん変異するから無意味  数年に即席でできた得体のしれないワクチンを何回も打って身体は大丈夫なのか？って普通の知能があれば理解できる 
反応集男（高め）, 接種の証明は出来るが、未接種の証明はどうするんだ？  嘘つきが紛れ込むかもしれんぞ 
反応集男（遅め）, >>573  なんやこいつー！！？ 
反応集男, ワクチンによる月経異常は欧州医薬品庁も認めてるし、接種済みの女は不妊になってる確率高いぞ 
反応集女, 未接種者   「敗北を知りたい」 
反応集男（渋め）, >>574  今まで成功したことがなかったのに、急造で出来たとか言われたコロナワクチンだけ。  インフルエンザのは毎年打ってる。 
反応集男（高め）, まあ、挙げられている理由はともかく…  接種するしないで揉めた例もあったようだからな  打たない同士なら要らぬトラブル抱えなくて良いだろう 
反応集男（遅め）, >>642  草草草 
反応集男, >>636  一回目打ってから2年で死ぬからな  だから今はワク信は誰も生きてない 
反応集女, 反ワクアホすぎだろｗ 
反応集男（渋め）, 純血の俺の精子が欲しいか  欲しけりゃくれてやる🥺 
反応集男（高め）, 参加者名簿がマルチ界隈で高額取引されそう。 
反応集男（遅め）, 次世代にどんな影響出るかまだデータなくてわからないんだからせめて未成年には打たせるべきではない 
反応集男, 開封はしたけど未使用の接種券は俺も持ってるわｗ  証明に使う日がそのうち来そうだな 
反応集女, >>126  それ興味深い話だよなあw 
反応集男（渋め）, >>610  当然職域だろうが個人だろうが一度でも打ったらマイナンバーに記録されるよ 
反応集男（高め）, >>653  1番はワクチン打たない知能が重要かな 
反応集男（遅め）, >>659  スネーク待ち 
反応集男, イイね  これからはワクチン接種者がどんどんと隔離されるのは確実だからね 
反応集女, そのパーティー会場はアサ芸三文ライターの脳内にありますというオチではないのか？ 
反応集男（渋め）, ファイ卒！ 💉(^∀^)💊 モデ卒！  　　　　　全員集合www♪ 
反応集男（高め）, 接種者達のジェラシーが止まんねぇよ!!!! 
反応集男（遅め）, >>10  俺の周りの社長連中は皆んな打ってない 
反応集男, しまった。未接種だけど接種券はソッコー捨てたから参加できないw 
反応集女, これ証明するの再発行しかないのかね  やっと俺も結婚出来そうなのにw 
反応集男（渋め）, ワクチン打って無い女なんてめちゃくちゃ珍しいしほぼ優秀なの決定だからな。そうは言っても相性を確かめた方がええぞ。バツニのおっちゃんが言うとるんぞ。間違いないで。 
反応集男（高め）, >>668  頭悪そう 
反応集男（遅め）, >>621  自己責任で接種してるんならほっといてやれよ  国民の8割はバカだから仕方ないだろ 
反応集男, 陰謀論者村とか出来るんかな 
反応集女, >>475  今はまだいっぱい居るよな  5年後10年後どうなっているか 
反応集男（渋め）, ワク馬鹿の自己紹介の嵐  凄まじい嵐が来た 
反応集男（高め）, >>574  そうじゃないとおかしいんだけどな  mRNAがダメなら中国に帰ればいい   >>668よ 
反応集男（遅め）, 近寄りたくないな 
反応集男, >>637  > ２回打ってから半年経てば未接種として参加できますよ  > 中和されて体内からmRNA消えますんで   ほんとぉ？ 
反応集女, 俺たちもワクチン4回接種済の婚活パーティー開こうぜ  未接種者は入れてやんねーよ  悔しいね？ 
反応集男（渋め）, 熱い風呂やサウナに入ったりうんちキバッたりスポーツするだけで  心不全で死ぬリスクのある接種者なんて伴侶にしたくないわなw 
反応集男（高め）, 早く登録しておけよ  手間なんだから 
反応集男（遅め）, ネタかと思ったらマジだったｗｗ 
反応集男, >>583  職域で打つか自治体で打つかは本人次第だし  自治体で打ったんで～とかアレルギーで主治医に止められて～なんて言ってしらばっくれた人もいたべ  温度管理のめんどくささもあるんで会社側も嫌々ながら職域実施してたところもあるし 
反応集女, 得体のしれないワクチン拒否ー    でも中出しガンガンやって、中絶してまーす  だかんな 
反応集男（渋め）, つか厚労省はワクチン接種は治験への協力者ってスタンスだしな  打つか打たないかは自己判断で自己責任つってる  ワクチン被害者が凄まじく増えてきたけどね 
反応集男（高め）, >>631  全く 
反応集男（遅め）, 海外だと未接種者のブランド価値が桁違いに高い  高所得の職業は未接種者のみを採用してるところもあるほど 
反応集男, 政府「ワクチンで感染予防できます。」   ワク信「ワクチンすごい！接種で大切な人を守る俺すごい！」   政府「感染予防にはなりませんが重症化は防ぎます。2回目で最後です早く接種を」   ワク信「最初から言ってた通り重症化を防ぐ」   ファイザー「実際の効果が確認できないまま販売してたわメンゴーw」   政府「………3回目やりたい人はどうぞ」   ワク信「大丈夫、みんなも3回目打ってます！」   政府「すまん、政治家と官僚の接種率は3割下回ってまーすw」   運び屋「全てワク信の自己責任！俺は悪くない！俺は悪くない！」   ワク信「医者が接種を推奨してる！専門家の言うこと聞けッ！😡」   医者「エビデンスがない」  ワクチン打ってる奴らがこんな馬鹿ばかりだからね 
反応集女, 未接種の風俗もできないかな。 
反応集男（渋め）, 無視すればいいだけなのにわざわざスレに来て反ワクがーは笑うw  実は不安感いっぱいなのが丸わかり 
反応集男（高め）, >>696  五年で死ぬからそれはないな 
反応集男（遅め）, >>158  強制ではなかったからなあ  厚労省も「任意」だっただろ 
反応集男, だってワクチンで遺伝子からスパイク情報入れられちゃったから子供作っても、スパイクの子供ができるんだろ 
反応集女, >>692  2年で死んだよ  残ってるのは全員未接種  そうじゃないとファイザー副社長やボッシュが嘘つきになる 
反応集男（渋め）, 情弱や  劣等交配したとして  つまらぬコピー増えしにけり 
反応集男（高め）, >>126  そりゃ権力者どもは死にたくないからそうする 
反応集男（遅め）, そもそも何でワクチン打ったの？基礎疾患あるとかなら分かるけど健康体ならまず重症化しないって最初から言われてたよね？  それとも日本人の8割近くは基礎疾患持ってるのか？ 
反応集男, >>637  免疫記憶に刷り込まれてるから未接種には戻れん 
反応集女, 名簿が高値で売れそう 
反応集男（渋め）, 　   ワク馬鹿の魂の叫びパート１    ワクチンを信じないヤツは狂信者！     　 
反応集男（高め）, 歩くスパイクタンパク培養装置と結婚したいと思うキチガイなんている方がおかしいだろう💉🐀👈🏻🤣🤣🤣 
反応集男（遅め）, >>686  再発行してもらえ。そして統合失調症患者が多く集まるこの集会に参加しろ 
反応集男, 個性強そう 
反応集女, ここぞとばかりにワク信が湧いてきてるな  そんなに不安だったのか 
反応集男（渋め）, >>685  現場がクラスターになったら事業止まるのに。  それはリスク管理ができてない経営者だｗ 
反応集男（高め）, 反ワクが人間は光合成してるって主張してるの見たなー   本当にアホ 
反応集男（遅め）, まぁ当然そうなるわな  人は人同士で結婚したいだろう  後々揉めるからな 
反応集男, >>711  スパイクの子供ならジークンドー強そう 
反応集女, 未接種は低学歴であろうがなかろうが価値の高さは接種済より断然上て事  馬鹿ワクには罪と卑怯者と言う証明しか残らないw 
反応集男（渋め）, 高確率で他の宗教にも入ってそう  ただの個人的な感想ですけどね 
反応集男（高め）, 正直、未接種が正解  別に打ちたきゃ今から打てば良いわけだし  俺も海外出張が無ければ打たなかったよ 
反応集男（遅め）, スパイク精子やスパイク卵巣とか人間じゃねーます 
反応集男, 世の中には二つの人種しかおらん  ｍＲＮＡを身体にぶちこんだ奴かそうじゃないか！ 
反応集女, 未接種者は存在がCHANELやDior 
反応集男（渋め）, 非接種が非接種を求めるのは当然なんだけど、問題はどうやって証明するのか 
反応集男（高め）, >>376  人体実験に反対してんだよ   不活性ワクチンも生ワクチンもわかんない人がmRNAワクチン打ってんだからな。 
反応集男（遅め）, >>678  ありがとう  それなら安心だ 
反応集男, 　   ワク馬鹿の魂の叫びパート２    今更間違いでしたなんて言えるかボケ！     　 
反応集女, 感染したらそれだけでＤＮＡ変形してるのにな。 
反応集男（渋め）, >>712  そんなわけ無いだろw 
反応集男（高め）, 怖すぎる 
反応集男（遅め）, オレが結婚出来ないのはワクチン打っちゃったからか！　しまった！ 
反応集男, これで俺は20代のピチピチギャルと結婚するんだw 
反応集女, 俺たち古代種が未来を築く 
反応集男（渋め）, >>655  やっぱりw 
反応集男（高め）, 接種者と性交渉は無理だし価値観合わないからこうなるわな 
反応集男（遅め）, 悪いがワクチン打ったら輸血できないとか  子供作れないとか丁度３１１の時の放射脳を思い出したわ  医者でもそんなのいるんだね馬鹿だろｗ 
反応集男, 自分もワクチン未接種だけど、ちゃんとワクチンが出来たら勿論打ちます。  今は実験段階なので絶対に打ちたくないですね。 
反応集女, >>183  両親の反対 をされる年齢まで  居られるかも不明だしなあ 
反応集男（渋め）, 需要の無い接種者は市場からも不要物とされたわけだねw 
反応集男（高め）, 注射しちゃうぞー 
反応集男（遅め）, >>615  2回接種迄は救われる可能性が在るってのはそう言う意味なのかもね。 
反応集男, >>1  反ワクなら交尾出来るんか？ 
反応集女, 行ってきた  3人から取り合いになった  全員と付き合うことで承諾得たけどこれから大変だお(´・ω・`) 
反応集男（渋め）, >>709  安楽死やん 
反応集男（高め）, 反ワクビジネスちょろすぎるだろｗ 
反応集男（遅め）, 全世界で接種者にここで書かれてるような  事が起これば非接種者も生き残れないだろうがなぁ 
反応集男, >>681  将来的には生き残った少数が無菌室ドームみたいな施設に隔離されるのでは 
反応集女, >>685  自営業とかの？  仮に社員数1000人とかの会社の社長で、  反ワクだったらクラスター出した時に株主に切られるぞ 
反応集男（渋め）, >>724  ユーモアのセンスある  体が磁気を帯びるっていうのも面白かった  糖質入ってるのかね 
反応集男（高め）, ワクチンの接種券は2つあったけど封すら開けてなかったわ 
反応集男（遅め）, 穢れなき血を後の世に繋いでいかなくてはならん  どんどん頑張ってくれたまえ 
反応集男, これは素晴らしいのではないかな？  マスク美人とかマスク美男子とかじゃなく本当のお顔をすぐ拝見できるから想像と違ったとかトラブルもないしｗｗｗ 
反応集女, >>1  ワクチンゼロ回の俺高みの見物 
反応集男（渋め）, 海外の話かと思ったら国内かよw  接種者悲報多すぎだろw 
反応集男（高め）, >>728  君はワクチン真理教の狂信者じゃんw 
反応集男（遅め）, >>668  人間の免疫機構を勉強するとか生も不活化もmRNAも根っこはおなじなんだけどね 
反応集男, 接種した人は住民票に「済み」って入れといてくれ 
反応集女, 反ワクチンの代表捕まってなかった？底辺の集い 
反応集男（渋め）, イギリスでは未接種者のことは「純血」と呼んでるからな 
反応集男（高め）, 少しでも同じ考えや価値観じゃないと付き合ったり結婚したりはできないからね  そういう意味ではワクチン接種の有無はひとつの指標になる 
反応集男（遅め）, 未接種者はこれから献血すればいくらでも金が入ってくるし  婚活すればいくらでも女に困らない   これらは戦い抜いた戦利品である 
反応集男, >>756  「夢を見たの。ワク信がとても、とてもたくさん死ぬわ。  奥野くんが」 
反応集女, >>724  全身緑色なのか...  かっぱ○司の地下で働いてるかっぱさんかよｗ 
反応集男（渋め）, カルトかよ… 
反応集男（高め）, >>8  ガイジ量産されるのは困る 
反応集男（遅め）, >>756  無理だろw 
反応集男, >>1  ダボス会議の権力者たちも未接種のパイロットしか雇わないらしいな 
反応集女, 薬蹴り  遺伝子守りしたり顔  今日の昼食コンビニかマクド 
反応集男（渋め）, ＞ニセ未接種者も増えているそう。   ワク信はどうしようもないな、、、 
反応集男（高め）, 需要があるならいいんじゃねぇの  どうやって判別するのか気になる 
反応集男（遅め）, >>768  ウマ扱いなのか  かわいそう 
反応集男, これで白人ブロンド余裕やんけ。なあw 
反応集女, まあ当然といえば当然  ホモボーよりホモサピ選びたいわな 
反応集男（渋め）, 反ワクの子供って第二の統一の子供みたいになりそうだなwwwwwwwww 
反応集男（高め）, 世界を見ろ  8割は未接種だ  バンザーイ 
反応集男（遅め）, ワクチンスレで接種券を額縁に飾ってたヤツいたけど、アイツ参加してそうだなww 
反応集男, >>167  内海聡もDr.ドルフィンも医者だしな… 
反応集女, >>778  風見鶏なんてそんなもんよ 
反応集男（渋め）, スパタン人達も2回の半ワクとか3回打ち4回打ち限定とかで  婚活パーティ計画したらいいよw 
反応集男（高め）, >>768  流れ変わったなーｗ  耐えて良かったわ 
反応集男（遅め）, >>723  ワクチン接種の有無とクラスターに何の因果関係があるの？ 
反応集男, ずっと独身だと諦めてたがまさかこんなことで結婚出来るとは  人生ほんとわからんな 
反応集女, 打つ度に抵当権に名前が追加される感じ 
反応集男（渋め）, >>764  おそらくマスク教のカルト信者でもあるだろうな 
反応集男（高め）, ワク信「ワクパスポート!反ワクお断り！」   なお現実はワク信が婚活パーティで出禁になった模様。   ただ未接種の立場だとこういうのは良くないと思う。ワクチンパスポートを肯定する材料になる。 
反応集男（遅め）, 自力免疫力だけで生き延びられない貧弱遺伝子を結婚相手に要らんわな。当然の選択。 
反応集男, 未接種者は君子   接種者は小人 
反応集女, >>770  マジか?貧困の俺でもワンチャンある? 
反応集男（渋め）, >>778  アサ芸に話してるITライターの話なんて信用できるわけない 
反応集男（高め）, >>770  死んでもお断り。 
反応集男（遅め）, 反ワクは頭の病気だから同病相憐れむってやつねｗ 
反応集男, >「将来子供が産めなくなる」  >「5年以内に死亡する」   >どこのテーブルも“反ワク”の話で大盛り上がりでした。   なんかこの婚活パーティー  デムパな会話満載で面白そうだな  ネットで放送してほしいｗ 
反応集女, 　   ワク馬鹿の魂の叫びパート３    お前ら反ワクは    オレさまのスーパーウルトラ超エキサイティング自己紹介攻撃でも喰らってな    ザマァ反ワクw w ww w w     　 
反応集男（渋め）, わたし3回済みだけど参加しようかな 
反応集男（高め）, 爛れた血液 
反応集男（遅め）, 河野のセリフ「ただの運び屋なので後遺症の責任はとりません」   これ接種さんにとっては恐怖の発言だよな 
反応集男, これからのトレンドかな  未ワクチンこそがモテ男とかモテ女とかね　(´・ω・`) 
反応集女, まぁ似たもの同士いいんじゃない  知らんけど 
反応集男（渋め）, 似たもの同士でお似合いww 
反応集男（高め）, >>723  打ったら感染しないと思って油断してクラスターが多いけどなｗ 
反応集男（遅め）, 未接種モテモテ 
反応集男, そりゃあ同調圧力にも屈せず大切な人を守る選択をし続けられる人達なんだから女性からみれば濡れ濡れ大洪水だろw 
反応集女, >>167  参加者に医師がいると他の参加者も自動的に高収入になるの？  騙されやすそうだからおかしな治療器とか買わされないようにね 
反応集男（渋め）, >>768  そういう言葉使う人たちが物凄く軽蔑されてるのも知っといてね。付き合うに値しない人達 
反応集男（高め）, >>10  ダボス会議にでる経済界の大物たちは未接種パイロットしか雇わないらしいよwww 
反応集男（遅め）, 子供への影響とか、数年後のことは誰もわからんもんな 
反応集男, まあ不妊回避したいだろう 
反応集女, >>779  ワクチン接種券、シールなしを提示  これ一回目のやつだから3年もずっと持ち歩いてないといけない 
反応集男（渋め）, >>1  自分で「徐々に盛り上がっている」と書いてるのにそれが「大盛況」になるのか 
反応集男（高め）, 接種者はもう戻らないからな  途中でやめても一緒   汚れた血 
反応集男（遅め）, 政治家が反ワクパーティーにたくさん来てたら笑うw厚労省職員とかw 
反応集男, ワク信さん  色々な分野でハシゴから蹴り落とされてて草 
反応集女, >>791  意外とこういうしょうもないことで出会って結婚しちゃうパターンもあるからな 
反応集男（渋め）, 宗派が同じと考えれば普遍的現象だろ 
反応集男（高め）, >>811  コリアンホルホル 
反応集男（遅め）, >>17  ワクチンなかった2020年より今の方が感染者数多いのは何でかな？www 
反応集男, 長尾医師チャンネル  2022/10/9 12:00   ワクチン後遺症社会の到来  献血の選別＆非接種者の精子に高値がついてる（７分４０秒〜）   https://nico.ms/sm41181636 
反応集女, 未接種者というだけで身体にはゴールドの血が流れている  存在自体が付加価値 
反応集男（渋め）, >>770  そういうコミュニティでも負け確の奴はいるんだろうなｗ 
反応集男（高め）, >>1  ネットワークビジネスのいいカモだね 
反応集男（遅め）, >>724  光合成はしてなくても日光浴はビタミンD生成出来るらしく免疫力高めるのに大事みたいだけどな 
反応集男, 強い遺伝子だな　　(´・ω・`) 
反応集女, ワクチンに飛び付いた短絡的な馬鹿ワク信が発狂してる様を見て楽しんでます  やっぱり不安だよねーw 
反応集男（渋め）, 早めの いいなケツ 
反応集男（高め）, こいつらってさ  子々孫々の代までずっと婚姻相手には祖先にMRNAワクチン非接種者がいないことを強要するんだろうか？ 
反応集男（遅め）, 様子見未接種だがさすがにこれには参加したくないw 
反応集男, ちょっと接種券メルカリで買ってくるわ 
反応集女, 勝ち組と  高らかに吼えるその口は  来るその時の悔恨の音の半分 
反応集男（渋め）, >>780  いや人だよ  遺伝子組み換え注射打った接種者と違ってね 
反応集男（高め）, 俺は未接種だが正直こんな集まりには行きたくないけどな 
反応集男（遅め）, 未接種の証明…  身勝手な接種 wWw𐤔ʷ 🤣ّ ʷ𐤔wW 
反応集男, >>376  ということにして叩きたいワク信 
反応集女, 未接種でも感染したらワク信になるの？ 
反応集男（渋め）, >>814  突然死されたら道連れだからかｗ 
反応集男（高め）, ワクチン0の女なんて希少だろ、危惧種に近い。  普段からの臆病さ、知恵がないと  無理だ。 
反応集男（遅め）, >>809  打たないで市役所に押しかけて、  市役所員はマスクつけてて感染せず、  ノーマスク全員が感染したクラスターあるよ 
反応集男, 糖質パーティ楽しそう  誰か潜入報告してくれｗ 
反応集女, >>2  ほら　ハンカチやるよ 
反応集男（渋め）, ミュータントか人間かなら誰でも人間を選ぶわ😗 
反応集男（高め）, >>805  東京医師会「コロナの仕組みが分からないけどワクチンは効くから打ってね」   これも怖いよねw 
反応集男（遅め）, 未接種者が支配層  イルミナティ 
反応集男, きれいな遺伝子の会・・・当然の流れだよね  モルモットは「モルモットの会」でシェディング交換をすれば盛り上がるよね 
反応集女, 非接種組はわずか１８００万人しか残ってない 
反応集男（渋め）, 棲み分け出来て接種者も未接種者もＷＩＮＷＩＮ 
反応集男（高め）, Twitterファイル13  ファイザー取締役スコット・ゴッドリーブが、Twitterに干渉し圧力をかけた。  「自然免疫の方がワクチン免疫より優秀だ」とする専門家の意見を検閲。  これを行うことですべての人にワクチンを打とうとした。   専門家のみならずファイザーの研究者もコロナワクチンより  自然免疫のほうが効果があることを認めてたんだよね  こういうツイートを言論統制しろと要請があったことも暴露されたね 
反応集男（遅め）, >>817  プロは額縁に入れてワインを飲みながら毎晩眺めるんですよ 
反応集男, >>1  んなわけあるかいｗｗｗ   超少数派だぞ 
反応集女, 一回接種済みもギリ参加OKかね？ 
反応集男（渋め）, 俺も参加しようかな 
反応集男（高め）, >>789  こんなので喜ぶとか反ワクってチョロ過ぎｗ 
反応集男（遅め）, 汚れた血と交わりたくないからこれからは未接種証明書が必要になるなｗ 
反応集男, ホテルじゃ開催できないな 
反応集女, 今大人で未接種とか貴重だから  ついでに今産まれる子供は親が接種済みだから汚れた血だ  つまりどんどんレアになっていく 
反応集男（渋め）, >>805  そりゃ…治験に希望書にサインして死んでも自己責任で自分から参加して   責任取れ　は  裁判でも難しいぞ… 
反応集男（高め）, >>838  で、きみんちは純血なんめしょ？  氏神神社どこ？  祖先から受け継いだ姓は？ 
反応集男（遅め）, >>817  俺は1回目の接種券通知書未開封で机の奥底に閉まってあるけど持ち歩かなきゃいけないのかw 
反応集男, 未接種はヤバイ  ２回接種して熱出てワクチン止めたくらいが一般人 
反応集女, >>167  男は医師とか弁護士とか自分の判断で非接種を決められる地位の人多いだろな  普通のサラリーマン男性が非接種貫くには極めて難しい 
反応集男（渋め）, 未接種の精子や卵子は高く売れるのか 
反応集男（高め）, よおーし！よしっ！よし！ 
反応集男（遅め）, 未接種でオミクロン感染したことあるけど参加資格はありますか？ 
反応集男, >>724  光合成はともかく太陽の光を浴びないと病気になるぞ 
反応集女, >>843  今後は就職にも未接種証明必須になるんだろうな… 
反応集男（渋め）, 宗教絡んでそう 
反応集男（高め）, >>814  それな  情弱はそれさえ知らないからね笑 
反応集男（遅め）, 自ら進んで治験に参加したボランティア国家やぞ 
反応集男, 接種者は五年後に死んだら原発とかの管理は誰がするの？ 
反応集女, 5回打った人同士カップルになればいい  未接種は未接種とみたいに 
反応集男（渋め）, 未接種だけどどんな変わり者がいるのか逆にこんなの興味沸くわｗｗｗ  令和の見世物小屋みたいなもんやろ 
反応集男（高め）, まあ喪は喪同士、反ワクは反ワク同士結ばれるといいよ一般の人とは住む世界が違うんだしｗ 
反応集男（遅め）, >>855  クソだせえな   >>865  このパーティは持ってこないとダメらしいからね 
反応集男, >>824  統一教会に言われてもーw 
反応集女, そこまでしたいなら未接種者で村作れ。コロナ治療は無しか全額負担 
反応集男（渋め）, >>852  1800万でポストアポカリプスを生きていくのか。死ぬよりつらそう… 
反応集男（高め）, >>844  女の同調圧力に屈しない精神力も要るな 
反応集男（遅め）, 近いうちにワクチン未接種同士の婚活パーティーでクラスター発生ってニュースが聞けそうｗ 
反応集男, >>813  別に関係ない 
反応集女, >>383  リテラシーないお前みたいなやつ誰も相手しないぜ  頭悪いから先見の明もないこの先不安だらけだなワク信w 
反応集男（渋め）, >>1  これ未接種者対象の  ネットワークビジネス  できそう 
反応集男（高め）, >>864  涙拭けよ 
反応集男（遅め）, 打っちゃった人は多くを望むな  今日生きてることに感謝する段階だろ 
反応集男, >>768  ジョンソン、マクロン、メルケルがいた頃の欧州が懐かしい。 
反応集女, >>880  なんかそれも嫌だなあ 
反応集男（渋め）, 未接種者の接種券は秘密結社へのパスポート 
反応集男（高め）, >>860  たつうでしょ  カッコいいから流行らせたら？ 
反応集男（遅め）, 君の名は  在りし日の面影も無く  ただ戒名と冷たい土の中 
反応集男, >>770  大多数が打ってるんだから多数派が勝つよ  仮に本当にヤバい副作用があっても隠蔽されるし  打った人は現実認めたくないから見ないふりをする 
反応集女, これからはお見合いなんかでも  ワクチン接種の有無は重要になってくるね 
反応集男（渋め）, でもクーポンは再発行したくない  他に証明する方法ないかね 
反応集男（高め）, 接種者達はあれだけ未接種を差別しておきながらいざ自分達の番になると受け入れられず嫉妬する  何が大切な人達を守る為だよ 
反応集男（遅め）, 面白いw  未接種証明なんてできないから  こっそり打ってるやつとかいて阿鼻叫喚なるんだろうな 
反応集男, >>885  クラスターなんて毎日日本中で発生しまくりでももうニュースにならない 
反応集女, >>873  あー  言われてみればモルモン教とかあっち系の匂いもするな  やっぱあそこワクチン接種もうるさいんやろか 
反応集男（渋め）, >>51  マイナンバーに全ワクチン接種歴が紐づけされている   ワクチン未接種証明書を発行すればいい 
反応集男（高め）, 第1波でおなじみクラスターまっしぐらじゃねえかw 
反応集男（遅め）, >>889  あ、部落の雑種だ 
反応集男, >>866  それは逃げワクか半ワク 
反応集女, 信念を貫き通す素敵な男性としてモテモテ  その心意気で私もずーーーーっと大事にしてくそうみたいな　　(´・ω・`) 
反応集男（渋め）, あのシールみたいなクーポンしか証明できるもんはないんかいな。  皮膚のスパタンがあるかないか  とかでも証明できるはず 
反応集男（高め）, >>615  あら半分は逝くなこれ。徐々に壊れた細胞に置き換わって、逝ってしまう。特効薬もないし詰んだ 
反応集男（遅め）, >>856  日本でもコロナワクチンのやばさがどんどん周知されてきて  流れが変わってきてるんだよね 
反応集男, >>328  接種初期に婚活サイトで「接種済み限定」が発足したのよ  その時点で選別が始まってたのさ   背が高いとかの条件と変わらないから  問題無いと思うんだわ 
反応集女, まあ、もう別の種族だから仕方がないよ。 
反応集男（渋め）, 接種者だからよくわからんけど  健全な子供が欲しいとかそういう感じなのかな 
反応集男（高め）, うわ  キモっ 
反応集男（遅め）, 未接種だけど、ワク信の女の子とＨしまくりだけど、こっちにも参加したいw結婚するなら未接種だよな。 
反応集男, ちょうどいい機会だからその場で集団接種したらええやん 
反応集女, >>864  ここでなんで言わないといかんの？アホ？ 
反応集男（渋め）, 1年後には未接種バスツアーとか出てきて  そこにワクチン打ったコロナ感染者がテロ参加で捕まったりするんだろうな 
反応集男（高め）, 生粋の非摂取者だが合コンなんか行かないよ  ましてや赤の他人とマスク非装着とかアホか 
反応集男（遅め）, ガンダムみたいな世界になってきてウケる😗  そのうちミュータントは地球から出ていくんじゃ？  ナチュラルこそが地球の盟主であるべきやな😗 
反応集男, ワク信がイキってだ時代の終わり  これから引き波がやってくる、ひっくり返る 
反応集女, >>900  できるよ  マイナンバーに情報あるから 
反応集男（渋め）, >>859  まぁ何言っても打ってしまった人は終わりだよ  頑張ってくれ 
反応集男（高め）, 変人の集まりか。ちょっと覗いてみたい笑 
反応集男（遅め）, >>892  ワクチン接種しても、  シール貼る前にコピーしておいたらいんでね  紙質はちょっと厚いやつで。 
反応集男, >>333  逆も然り、だろうに 
反応集女, >>770  妻子いるからいいわｗ 
反応集男（渋め）, >>910  たまには外に出ろよｗ 
反応集男（高め）, >>777  コンビニとマクドを逆にできないセンスが接種者らしくていいね 
反応集男（遅め）, >>893  本当はワクチンパスポートで未接種迫害するつもりだったのになぁ   いつも騙されて捨てられる接種者w 
反応集男, だって交尾したらスパイク移るしな 
反応集女, 献血はスパイクタンパク有無の仕分けが始まるかもね 
反応集男（渋め）, そういえばコロナ前にあった、国家に逆らうかどうかの区別をつける話はどうなったんだ？  デジタル化 
反応集男（高め）, 企画した人なかなかやるな  思惑通りほいほい集まってるのワロタ 
反応集男（遅め）, 接種済みでも子孫を残したい男は山上さんだけ 
反応集男, >>923  打ったら2年で全員死ぬからな  ファイザー副社長が間違うわけない 
反応集女, >>856  ダボス会議で経済会のおえらいさん達が未接種パイロットのみ募集してるから今後のトレンドだよ 
反応集男（渋め）, 我が子には  せめて明るい未来をと  願う無防備なその笑顔 
反応集男（高め）, >>913  子供にも影響するからなー 
反応集男（遅め）, キモチワル 
反応集男, モンスター同士ええんちゃうかな  ダブルモンペで 
反応集女, >>868  輸血とかどうなるんだろうね 
反応集男（渋め）, 未接種者の女以外とセックスする時は避妊具をつけないと血が汚れてしまう 
反応集男（高め）, 五年後に生き残っても原発が逝って終わりだよ 
反応集男（遅め）, 未使用接種券かあｗ  想定通りｗｗｗｗ 
反応集男, 天国へいくものと地獄へいくものとはともにいれない  善と悪とはともにいれない  敵と味方はともにいれない  神の刻印を受けるものと獣の刻印を受けるものとはともにいれない 
反応集女, >>314   わい、未接種やが早稲田やで 
反応集男（渋め）, 誰かこのスレの女の子俺とデートしようぜ  もちろん未接種だよ 
反応集男（高め）, Q活か？ 
反応集男（遅め）, >>1  グロ 
反応集男, 未接種ノーマスクなんて何も凄い訳でもないのに選民意識でもあるんかね  隣人も在日の未接種一家だけど大声で体調悪いからイベルメクチンでも飲むかと言うと壁叩いてイライラしてるよw 
反応集女, >>350  子供に輸血して亡くなった、みたいな話が  海外でなかったっけ  うろ覚えだけど 
反応集男（渋め）, ちょっと前までは接種者限定何たらとかやってたなw  クッソワロタ 
反応集男（高め）, >>928  ダボス会議　未接種　パイロット　　で検索！！ 
反応集男（遅め）, ワクチン接種の影響が子供に影響出るのが嫌とかそんな感じなんやろか  枯れ葉剤の影響で産まれた奇形児のベトちゃんドクちゃんみたいな感覚で 
反応集男, >>866  なんで２回で止めたから助かるとおもってんのかな?  あれなんでなの？ 
反応集女, >>10  バレたか（笑）  零細うんこ企業だったから未接種て貫けたわ  今は転職したけど、そこだけは零細うんこ企業に感謝かな 
反応集男（渋め）, XBBウイルスで重症化して死ぬのかw 
反応集男（高め）, きめぇｗｗｗ 
反応集男（遅め）, >>870  そんなもん重要じゃあない  ｍＲＮＡをぶちこんだのかそうでないかだ 
反応集男, >>901  いやいや、ワクチン未接種婚活パーティーのクラスターならニュースになりますってｗ 
反応集女, 接種券見つかった  これで参加できる 
反応集男（渋め）, >>946  統失と健常者は分けないとね 
反応集男（高め）, >>922  あれ？マイナンバーは反対しないの?w 
反応集男（遅め）, >>934  逆に言うとこんな会じゃないと、  未接種は会話が合う人がいないってことね  そらまあDSガーIg4ガー  ワクチン打って免疫ガーとかの話を聞ける一般人いないよ 
反応集男, 新興宗教とかと相性バツグンだもんなこういうの 
反応集女, ようやく  ワクチンが害悪ということが世間に認められたのですね。  嬉しい限りです。  テレビばかり見てるとバカになるよって昔親に言われた。まさにそのとおり。 
反応集男（渋め）, 誰か未接種で結婚しました！スレたててよ 
反応集男（高め）, ※ 
反応集男（遅め）, >>789  ヒントつ　ダボス会議初日 
反応集男, スパイクタンパク培養装置ざまぁあああああああ 
反応集女, 4人に1人近くが只の1度も摂取していない事を僅かと見るか？  逆にずっと摂取選択し続ける奴等は減って来ている  何故か？簡単な話だ  取り除く事の出来ない悪性の後遺症を発症させる確率をより高めていく事を知ったからだ  おまけに献血に活かせない血の持ち主になってしまったとか確実に人類は滅びに向かっている  まともな思考力を持ち合わせるなら慎重に見極めるんだよアホワクチン信者乙 
反応集男（渋め）, >>866  それただのバカじゃん  未接種がやばいと思うなら、バカの接種者同士でくっつけば良いだけだし  接種者は元の体に戻らないから未接種への妬みでしかない 
反応集男（高め）, ワロタ、ワク信お仕事なくなっちゃうよｗｗｗｗｗｗ 
反応集男（遅め）, >>1  非接種53歳雄ですが需要ありますか？ 
反応集男, >>937  未接種のパイロットなんて現役に居ないのでは  居ても解雇されてるでしょ 
反応集女, >>913  コロナワクチン打った女性は月経異常の副反応で不妊化してる可能性あるから子供欲しい人は接種済み女性は避けた方が無難 
反応集男（渋め）, >>1  そこに感染者を投入 
反応集男（高め）, >>969  ワロタ 
反応集男（遅め）, >>814  ダボス会議とか日本人はほとんど知らないよ 
反応集男, 未接種の奴らって  何かこう言うのやるよな  未接種だから成功してるみたいな  あたまわる 
反応集女, 今のところmＲＮＡワクチンにそこまでの危険性はないと思うが接種は暫く様子を見てから判断したいってのを殊更に愚かだとは思わない。 
反応集男（渋め）, まあ若い子達も付き合う前にワクチン接種の有無は確認した方がいいよ 
反応集男（高め）, 合コンでも使えそうだな  「未接種です」の一言だけで彼女が出来るな  「ゴキブリ工作員ムカつくよねぇ」  これもいけるかも 
反応集男（遅め）, マッカロー博士   mRNAはリンパ節に残る  ファイザーの遺伝暗号はヒトゲノムに挿入され、子孫に受け継がれる可能性がある 
反応集男, ワクチン接種野郎涙目で嫉妬 
反応集女, >>920  多分逆。ワクチン打ってない方が宇宙に出ていく。新型コロナ（風邪）に免疫無いから  出てかないとアステカやマヤと同じことになる 
反応集男（渋め）, クーポン偽造はありうるから皮膚で調べろ 
反応集男（高め）, >>958  N抗体も従来型も回避するから、  オミクロン以外は大差ない 
反応集男（遅め）, >>954  お前が外に出ないのと何が関係があるんだよ 
反応集男, あたしはモデ卒ファイ卒限定だから！ 
反応集女, >>376  それは過激派だな  俺は否定してないから 
反応集男（渋め）, >>825  接種者などの「免疫獲得者」が重症化せず、活動を抑制しなくなったからだろ。  死者数から逆算して感染者数は公表されているよりずっと多いと推測されている。  それなのに社会的混乱は減っている。  逆に「感染防止によって乗り切ろう」とするガチ反ワクには、厳しい時代になるね。 
反応集男（高め）, >>1  将来、子供に健全ないい遺伝子を残そうと思ったらこうなるわな。 
反応集男（遅め）, >>16  未接種なのはコロナ対策を物凄く気を付けているか  全く気を付けてないかのどっちかだからな 
反応集男, >>938  逆に、  母子手帳に一切のワクチン記録がないとドヤる母親   毒親としか表現できない(´・ω・｀) 
反応集女, >>966  ワクチン真理教w 
反応集男（渋め）, あちらから新世界に飛び込んでいくんだねー  これならこちらも罪悪感感じないで済む 
反応集男（高め）, 動画で実況見たい 
反応集男（遅め）, >>978  ゾンビ扱いで草 
反応集男, このスレッドは１０００を超えました。  新しいスレッドを立ててください。 life time: 50分 33秒 
反応集女, 5ちゃんねるの運営はプレミアム会員の皆さまに支えられています。  運営にご協力お願いいたします。    ───────────────────  《プレミアム会員の主な特典》  ★ 5ちゃんねる専用ブラウザからの広告除去  ★ 5ちゃんねるの過去ログを取得  ★ 書き込み規制の緩和  ───────────────────   会員登録には個人情報は一切必要ありません。  月300円から匿名でご購入いただけます。   ▼ プレミアム会員登録はこちら ▼  https://premium.5ch.net/   ▼ 浪人ログインはこちら ▼  https://login.5ch.net/login.php 
